,Name,Lat,Long,Zu_Hause_Distanz,Zu_Hause_Dauer,Robotron_Distanz,Robotron_Dauer,Schule_Distanz,Schule_Dauer,Kletterarena_Distanz,Kletterarena_Dauer,Großeltern_Distanz,Großeltern_Dauer,Dresden Zentrum_Distanz,Dresden Zentrum_Dauer
0,Podemus,51.0611175,13.6266098,13.05,45,11.82,41,17.73,64,9.86,34,25.83,92,10.86,37
1,Weißig,51.0016398,13.6118402,16.97,62,7.92,26,16.44,58,10.49,39,28.98,106,12.96,47
2,Kesselsdorf,51.0322245,13.5942849,15.86,55,9.24,31,17.76,63,10.41,35,27.87,99,11.86,40
3,Steinbach,51.0437651,13.6028003,14.88,52,10.48,34,17.87,63,10.35,34,27.65,99,11.52,39
4,Pennrich,51.0441703,13.6236509,13.52,48,9.12,30,16.51,59,8.99,30,26.29,94,10.16,34
5,Gompitz,51.0435315,13.6377166,12.38,44,8.26,27,15.58,56,8.36,28,25.15,90,9.02,30
6,Unkersdorf,51.0564054,13.5915327,15.79,54,12.33,41,19.72,69,12.21,41,28.56,101,13.6,46
7,Rennersdorf,51.069234,13.6085307,14.14,49,13.62,45,21.05,73,11.66,38,26.91,95,11.94,41
8,Brabschütz,51.0697817,13.622591,13.1,45,12.58,42,20.0,70,10.62,35,25.87,92,10.9,37
9,Pesterwitz,51.0281105,13.6539668,11.07,39,5.54,18,13.13,47,5.61,18,23.08,82,7.06,23
10,Paulsdorf,50.9164842,13.6450675,23.4,79,17.03,58,20.5,71,21.58,78,34.88,122,24.05,87
11,Bad Schandau,50.918091,14.1534018,39.36,138,41.76,148,31.96,113,44.23,155,35.9,123,41.95,147
12,Gorbitz,51.045189,13.6716625,9.44,34,6.49,22,13.09,48,5.22,18,21.45,77,5.95,20
13,Altfranken,51.0340852,13.6454145,11.7,41,6.61,22,14.2,51,6.68,22,23.71,85,7.69,26
14,Cotta,51.0577378,13.6824944,8.47,30,7.18,24,13.08,47,5.21,17,21.24,77,6.27,22
15,Friedrichstadt,51.0588443,13.714757,5.61,21,6.86,23,11.37,41,3.49,12,18.38,68,2.44,8
16,Wilsdruff,51.0524125,13.5362765,20.02,70,15.39,53,23.9,85,16.55,57,32.79,116,17.83,62
17,Grumbach,51.0314791,13.5445044,20.15,69,13.53,45,22.04,77,14.7,49,32.16,113,16.14,54
18,Ottendorf-Okrilla,51.182698,13.8361238,19.26,65,25.59,87,27.33,94,21.02,75,17.32,59,18.97,68
19,Pirna,50.9616923,13.9386643,20.0,68,21.13,73,12.29,42,24.87,85,16.92,59,22.59,77
20,Wünschendorf,51.0174197,13.9542244,20.36,70,25.36,91,15.79,57,25.39,87,7.04,23,23.11,79
21,Eschdorf,51.0367904,13.9421865,18.59,64,22.32,80,12.82,48,23.62,81,4.84,16,21.34,73
22,Rossendorf,51.0570468,13.9390639,15.96,55,22.56,78,14.04,51,20.83,72,5.88,19,18.55,64
23,Kleinopitz,51.0044794,13.5917025,19.13,69,10.08,33,18.6,65,12.65,46,31.14,113,15.12,54
24,Großopitz,50.9985136,13.5912331,18.75,68,9.71,32,18.22,64,12.28,45,30.76,112,14.75,53
25,Tharandt,50.9853391,13.5794907,21.85,80,11.4,39,21.32,76,15.38,57,33.86,124,17.85,65
26,Südvorstadt,51.0354839,13.7305097,4.65,16,4.16,14,8.13,29,1.52,5,15.55,53,2.8,10
27,Strehlen,51.0272848,13.7622097,4.66,15,5.61,19,5.44,19,3.98,13,12.42,41,4.15,14
28,Wilschdorf,51.1202022,13.7201701,11.49,39,15.68,55,19.56,68,12.21,46,17.92,61,10.16,39
29,Langebrück,51.1313939,13.8409193,12.45,44,20.39,71,20.93,71,15.82,59,10.67,37,13.78,52
30,Bärenklause,50.968738,13.7657138,13.2,44,10.28,34,6.04,20,12.38,41,17.79,64,12.7,42
31,Plauen,51.0277699,13.7098359,6.49,21,2.52,9,8.54,32,1.98,6,17.39,59,4.26,15
32,Friedersdorf,51.2023272,14.0035848,31.48,110,38.07,132,33.85,120,35.03,121,23.22,80,32.98,114
33,Pulsnitz,51.1825771,14.0139733,28.98,101,35.58,123,31.36,111,33.85,117,20.73,71,31.57,109
34,Kleinröhrsdorf,51.1288759,13.9757571,21.32,73,27.92,96,23.7,83,26.19,90,13.06,44,23.91,82
35,Schönborn,51.1454972,13.8654659,15.38,53,23.31,81,23.85,81,18.75,69,13.59,47,16.7,62
36,Kleindittmannsdorf,51.175117,13.9349467,23.28,80,32.3,110,28.92,106,27.73,98,18.29,66,25.68,91
37,Wallroda,51.1141427,13.95687,18.85,65,25.45,87,21.23,75,23.72,82,10.6,36,21.44,74
38,Fischbach,51.0862805,14.0172773,23.01,79,29.61,102,29.87,104,27.89,96,14.42,49,25.61,88
39,Weißig,51.0611241,13.8846225,11.1,39,17.7,62,11.69,43,15.97,56,1.11,3,13.69,48
40,Gönnsdorf,51.0482056,13.86893,9.91,35,16.51,57,9.65,36,16.32,57,2.55,8,14.04,49
41,Cunnersdorf,51.0434199,13.8779892,10.68,37,16.26,59,9.91,36,17.57,61,2.61,8,15.29,53
42,Pappritz,51.038152,13.8539764,9.59,34,14.45,54,8.1,31,14.62,51,4.1,13,12.34,44
43,Helfenberg,51.0371873,13.8651519,11.15,39,14.88,55,8.53,32,16.19,56,3.82,12,13.91,49
44,Rockau,51.0278281,13.8648317,12.26,43,15.98,59,7.46,31,17.29,61,4.75,16,15.01,53
45,Malschendorf,51.026096,13.8829907,13.85,47,17.58,63,8.08,31,18.89,65,5.17,17,16.6,57
46,Borsberg,51.0127446,13.8958848,13.49,47,17.22,63,7.72,31,18.53,64,7.14,23,16.25,56
47,Zaschendorf,51.0179808,13.9119487,14.93,52,18.66,68,9.16,36,19.96,69,5.91,19,17.68,61
48,Schullwitz,51.040159,13.920996,16.8,57,20.53,73,11.03,41,21.84,74,3.15,10,19.55,67
49,Pratzschwitz,50.9680121,13.8972031,16.14,58,18.54,68,8.98,34,21.01,75,12.68,43,18.73,67
50,Bonnewitz,51.0060776,13.9444764,17.7,61,22.7,82,13.14,48,22.74,78,9.6,32,20.46,70
51,Jessen,50.991008,13.9459917,19.7,69,22.11,79,12.54,45,24.58,86,11.06,36,22.3,78
52,Liebethal,50.9986432,13.9585538,19.26,66,24.26,87,14.7,53,24.3,83,9.67,32,22.02,75
53,Zatzschke,50.9787264,13.9588033,22.1,78,24.5,88,14.94,54,26.97,95,18.64,63,24.69,87
54,Copitz,50.9685807,13.9306563,19.13,69,21.53,79,11.97,44,24.0,85,15.67,54,21.72,77
55,Mockethal,50.9736734,13.9587007,21.54,76,23.94,86,14.38,52,26.41,93,18.08,62,24.13,85
56,Daube,50.9933535,13.9771392,21.77,75,26.78,96,17.21,62,26.81,92,12.18,41,24.53,84
57,Dorf Wehlen,50.960812,14.0051103,25.37,89,27.78,99,18.21,65,30.25,106,16.81,56,27.96,98
58,Ebenheit,50.9458244,13.9799841,24.47,84,25.6,89,16.76,58,29.35,101,21.26,75,27.07,93
59,Elbersdorf,51.024445,13.9886496,25.56,87,30.57,108,21.0,74,30.6,104,10.82,36,28.32,96
60,Wölkau,50.9739442,13.8309315,14.56,50,13.45,48,4.39,14,12.7,43,14.27,52,12.67,43
61,Bosewitz,50.9660395,13.8304865,15.7,54,14.59,52,5.53,18,13.84,47,17.28,61,13.8,47
62,Kautzsch,50.9616519,13.7658578,13.52,45,9.57,32,6.36,21,12.7,42,18.11,65,13.02,43
63,Siedlung Waldfrieden,50.9640422,13.6226923,19.88,73,9.42,33,15.67,54,13.4,50,31.89,117,15.87,58
64,Stolpen,51.0492329,14.0830003,33.89,117,38.9,138,29.33,104,38.93,134,19.72,68,36.65,126
65,Striesen,51.0434696,13.7860506,2.9,9,8.64,29,7.18,25,6.31,21,10.06,34,4.1,14
66,Gruna,51.0332929,13.7864783,4.06,13,7.99,27,5.55,20,6.29,21,10.27,34,4.34,15
67,Leuben,51.0106334,13.8270795,10.02,34,10.34,37,2.99,10,9.86,33,9.72,36,8.39,28
68,Tolkewitz,51.0319811,13.8223508,6.48,24,10.58,37,5.88,20,9.28,32,8.41,32,7.06,24
69,Laubegast,51.0233708,13.8379982,8.05,27,11.8,41,4.62,15,12.92,44,7.75,29,10.64,36
70,Dobritz,51.0156278,13.811801,7.42,24,9.26,33,3.46,11,8.61,29,9.74,36,7.28,25
71,Seidnitz,51.0275953,13.803068,5.8,19,9.37,32,5.22,17,7.69,26,9.93,37,6.03,21
72,Prohlis,51.0066538,13.7930626,7.67,25,8.11,29,2.15,9,7.49,25,11.94,44,7.7,26
73,Niedersedlitz,50.9975268,13.8214684,11.9,40,10.37,36,1.52,5,9.62,32,11.6,42,9.58,32
74,Zschieren,50.9918571,13.8750001,12.67,43,15.07,53,5.83,19,17.54,59,11.1,42,15.26,51
75,Zitzschewig,51.1184894,13.603764,18.82,65,18.98,64,25.73,89,18.22,61,30.76,108,16.63,57
76,Naundorf,51.1114741,13.6064198,17.91,62,18.07,61,24.82,86,17.32,58,29.93,106,15.72,54
77,Kötzschenbroda,51.1052596,13.6309107,15.89,56,17.0,61,22.74,83,13.62,50,28.04,99,12.58,46
78,Niederlößnitz,51.1099168,13.6445049,13.49,46,17.0,59,22.75,81,13.63,48,25.64,89,12.59,44
79,Serkowitz,51.0952921,13.6587433,13.07,45,14.18,50,19.92,71,10.81,38,25.22,88,9.77,35
80,Oberlößnitz,51.1066072,13.6799641,11.86,40,15.6,54,19.31,68,12.23,43,24.01,83,9.87,36
81,Lindenau,51.1231805,13.6316793,17.82,63,18.93,68,24.67,90,15.56,56,29.97,106,14.52,53
82,Radebeul,51.0999765,13.6767995,10.85,37,14.72,52,18.29,65,11.35,40,23.0,80,8.85,33
83,Lockwitz,50.9872806,13.8062434,10.5,36,10.24,39,1.58,5,10.32,36,14.22,51,10.53,37
84,Nickern,50.9942356,13.7874795,9.23,30,8.97,32,1.8,6,9.04,30,13.01,48,9.25,31
85,Königsbrück,51.2637467,13.9028337,30.51,107,36.84,128,38.58,136,32.27,116,28.93,104,30.22,109
86,Reichenbach,51.244034,13.9800426,33.55,120,39.87,142,39.5,139,35.31,130,28.87,100,33.26,123
87,Mittelbach,51.1944115,13.9691073,27.03,92,36.05,122,31.39,113,31.49,109,20.76,73,29.44,102
88,Cunnersdorf,51.0083073,14.1395533,41.4,141,46.4,163,36.83,128,46.43,159,27.22,92,44.15,151
89,Radeburg,51.2149248,13.7241174,22.75,78,27.7,98,30.82,107,24.51,87,26.43,91,22.46,80
90,Neusörnewitz,51.1454235,13.5491221,24.96,87,25.12,87,31.87,112,24.37,84,37.8,134,22.77,79
91,Weßnitz,51.277361,13.55947,37.83,131,42.8,143,45.9,160,42.05,141,41.39,144,37.54,133
92,Weixdorf,51.1447649,13.8006456,12.76,44,19.09,66,20.84,73,14.53,53,15.93,55,12.48,46
93,Trachau,51.0879449,13.7078055,8.11,29,11.63,41,15.56,56,8.17,31,20.26,72,6.12,24
94,Hohnstein,50.9797836,14.1111221,35.42,122,40.42,144,30.86,109,40.46,140,25.83,88,38.18,132
95,Liebstadt,50.8634629,13.8570413,31.6,108,31.43,109,22.59,78,36.47,125,29.79,105,34.19,117
96,Schönfeld,51.0337041,13.8948846,15.09,51,18.81,67,9.32,35,20.12,69,3.59,11,17.84,61
97,Bad Gottleuba-Berggießhübel,50.8584186,13.9480444,35.53,119,36.66,124,27.81,93,40.4,136,32.47,111,38.12,128
98,Freital,51.016265,13.6530329,13.15,50,4.49,15,13.01,47,6.68,26,25.16,93,9.15,34
99,Johannstadt,51.0507409,13.7673583,1.44,5,8.24,28,8.61,30,5.16,18,10.7,36,2.95,10
100,Elstra,51.220516,14.1350305,39.84,142,46.43,165,42.21,153,44.71,159,31.58,113,42.43,151
101,Großröhrsdorf,51.1456848,14.0199103,25.19,86,31.79,109,27.57,96,30.06,103,16.94,57,27.78,95
102,Meißen,51.1630871,13.4704939,29.23,101,29.39,100,36.13,125,28.63,97,42.0,147,27.03,93
103,Innere Altstadt,51.0517447,13.7372977,3.38,11,6.3,22,9.7,34,2.6,9,15.96,57,0.45,2
104,Stadt Wehlen,50.957091,14.0307534,27.2,95,29.61,105,20.04,71,32.07,112,23.74,81,29.79,104
105,Zöllmen,51.0430199,13.6109099,14.46,51,10.06,33,17.45,62,9.93,33,27.23,98,11.1,37
106,Königstein,50.9185261,14.0732271,31.76,110,32.89,115,24.05,83,36.64,127,28.38,99,34.36,119
107,Dohna,50.955232,13.8587012,18.45,62,17.02,58,8.18,27,16.28,54,15.73,56,21.04,71
108,Naußlitz,51.0338644,13.6860039,8.94,32,4.37,15,10.47,38,2.95,9,20.95,75,4.93,16
109,Roitzsch,51.0539154,13.6092978,14.89,51,11.1,37,18.49,65,10.97,37,27.66,98,12.7,43
110,Stetzsch,51.0814688,13.6578325,10.56,37,10.72,36,17.47,62,9.96,33,23.34,84,8.37,29
111,Ockerwitz,51.0559822,13.6439177,10.89,38,9.41,31,16.05,57,8.17,27,23.67,85,8.7,30
112,Glashütte,50.8502095,13.7766767,29.34,107,25.04,87,20.42,75,27.39,100,33.06,121,29.36,107
113,Briesnitz,51.0639097,13.6679675,8.93,32,8.8,30,15.83,57,6.83,23,21.7,79,6.73,24
114,Blasewitz,51.0521778,13.7990205,3.23,10,10.16,34,9.52,31,7.65,26,8.12,27,5.43,18
115,Rabenau,50.9631279,13.6418236,20.05,75,9.59,34,14.03,47,13.57,52,32.06,119,16.04,60
116,Heidenau,50.9735851,13.8753917,15.5,52,15.71,54,6.86,22,14.96,50,12.78,46,18.09,61
117,Coswig,51.1267305,13.5783983,21.39,75,21.55,74,28.3,99,20.79,71,34.22,121,19.2,67
118,Kamenz - Kamjenc,51.270139,14.0948628,41.79,151,51.95,178,44.17,162,47.39,165,33.53,122,45.34,158
119,Sporbitz,50.9937401,13.8502349,11.61,40,12.62,44,3.77,13,11.87,40,11.32,43,11.0,37
120,Meußlitz,50.9973863,13.8551618,11.44,39,13.15,45,4.31,14,12.41,41,10.56,40,14.04,47
121,Häslich,51.2450926,14.0148977,37.81,127,44.14,149,40.85,145,39.57,136,30.21,105,37.52,129
122,Rochwitz,51.0494617,13.844271,7.46,26,14.05,49,8.77,33,12.33,43,4.96,16,10.05,35
123,Eichbusch,51.0322753,13.8774409,12.37,44,16.1,60,9.43,36,17.41,62,4.08,13,15.13,54
124,Reitzendorf,51.0253099,13.9039904,14.6,53,18.32,69,8.83,37,19.63,71,4.71,15,17.35,63
125,Großdrebnitz,51.0886388,14.1579683,42.89,146,47.9,168,38.33,133,47.93,164,28.72,97,45.65,156
126,Schmiedefeld,51.0857904,14.0729882,27.7,95,40.73,144,31.16,110,40.76,140,19.1,64,38.48,132
127,Seeligstadt,51.0984635,14.0439878,24.94,86,31.54,108,26.98,95,29.81,102,16.34,55,27.53,94
128,Bretnig,51.1473926,14.060793,28.55,97,35.15,120,30.93,107,33.42,114,20.3,68,31.14,106
129,Hauswalde,51.1525612,14.0910055,31.45,107,38.05,130,33.83,117,36.32,124,23.19,78,34.04,116
130,Pillnitz,51.0126628,13.8713801,11.59,40,15.32,56,5.82,24,16.63,57,7.12,24,14.35,49
131,Gickelsberg,51.1888145,14.054906,32.35,112,38.95,135,34.73,122,37.23,129,24.1,83,34.95,121
132,Möhrsdorf,51.2122853,14.0752371,36.19,125,42.79,148,38.57,136,41.06,142,27.93,96,38.78,134
133,Talpenberg,51.2172314,14.1171934,38.42,137,45.01,159,40.79,147,43.29,153,30.16,107,41.01,146
134,Rehnsdorf,51.2100062,14.1051848,37.03,132,43.63,154,39.41,142,41.91,149,28.78,102,39.62,141
135,Bischheim,51.2389546,14.0391546,36.66,130,43.26,152,39.04,140,41.53,146,28.4,100,39.25,139
136,Weißbach,51.2191032,14.0322523,33.7,119,40.29,141,36.07,129,38.57,136,25.44,89,36.29,128
137,Rennersdorf-Neudörfel,51.0607245,14.0670938,32.62,112,37.63,133,28.06,99,37.66,129,18.45,62,35.38,121
138,Birkwitz,50.9798791,13.8888737,14.52,52,16.92,62,7.35,27,19.39,69,11.06,37,17.11,61
139,Hinterjessen,50.9884421,13.9382506,19.91,71,22.31,80,12.75,46,24.78,87,11.73,39,22.5,79
140,Wohla,51.2326913,14.1162887,40.28,143,46.88,165,42.66,153,45.16,159,32.03,113,42.88,152
141,Doberzeit,50.9841188,13.9695887,23.41,84,25.81,94,16.25,60,28.05,97,13.42,45,25.77,89
142,Wilschdorf,51.0623894,14.013725,31.66,108,36.67,130,27.1,95,36.7,126,11.94,39,34.42,118
143,Söbrigen,50.9941457,13.8828156,14.08,49,17.81,65,9.04,33,19.12,66,9.45,32,16.84,58
144,Posta,50.9665189,13.9539824,20.58,73,22.98,83,13.42,49,25.45,90,17.12,59,23.17,82
145,Mühlsdorf,50.9953966,13.9872946,21.56,74,26.57,95,17.0,61,26.6,91,11.97,40,24.32,83
146,Ehrenberg,50.9907458,14.1518346,43.68,149,48.68,170,39.11,136,48.71,166,29.5,100,46.43,158
147,Stürza,51.0116915,14.0627253,29.45,107,34.46,128,24.89,94,34.49,124,16.69,61,32.21,116
148,Kemnitz,51.0708403,13.6644011,9.66,34,9.82,33,16.57,58,9.06,30,22.44,80,7.47,26
149,Großluga,50.9867115,13.8304426,12.96,43,11.85,41,3.0,10,11.1,37,12.66,46,11.07,37
150,Winkwitz,51.1817574,13.4714649,33.1,113,33.26,113,40.01,138,32.5,110,45.19,159,30.91,105
151,Wurgwitz,51.0255828,13.6276404,13.03,45,6.71,22,15.22,54,7.58,25,25.04,89,9.03,30
152,Kaitz,51.0139212,13.7275321,7.03,23,2.32,9,7.04,26,3.92,14,15.86,53,5.32,18
153,Wahnsdorf,51.1188501,13.6716604,13.26,46,17.0,60,20.71,74,13.63,49,21.49,73,11.26,42
154,Helmsdorf,51.0371158,14.0412767,29.21,100,34.21,121,24.65,87,34.24,117,15.04,50,31.96,109
155,Dobritz,51.1376519,13.4423689,34.22,118,34.37,117,41.12,142,33.62,114,46.99,164,32.02,110
156,Buschbad,51.1344205,13.4596209,32.61,112,32.77,111,39.52,137,32.02,109,45.39,159,30.42,104
157,Sonnenstein,50.95688,13.9513544,21.73,75,22.85,79,14.01,48,26.6,91,18.64,65,24.32,83
158,Heeselicht,51.0078998,14.0900772,32.62,112,37.62,134,28.06,99,37.66,130,24.3,82,35.38,122
159,Löbtau,51.0413452,13.6984581,7.47,27,4.67,16,10.58,39,2.71,9,19.48,71,3.46,12
160,Rottewitz,51.182858,13.4632389,33.0,113,33.16,112,39.91,138,32.4,110,45.09,159,30.81,105
161,Cunnersdorf,50.9596832,13.9620218,22.2,78,23.33,82,14.49,51,27.08,94,18.82,67,24.8,86
162,Niederhermsdorf,51.0221846,13.6157997,13.95,48,7.33,24,15.84,56,8.49,28,25.96,92,9.95,33
163,Cossebaude,51.0876124,13.6298379,13.83,48,13.98,47,20.73,73,13.23,44,26.6,95,11.63,40
164,Kleinluga,50.9827084,13.8303387,13.58,45,12.46,43,3.62,12,11.71,39,13.28,48,11.68,39
165,Hosterwitz,51.0145851,13.8630803,11.26,39,14.99,55,5.6,22,16.3,56,7.96,28,14.02,48
166,Hellerau,51.1126515,13.7595615,8.65,29,14.98,51,16.73,58,10.42,38,15.05,52,8.37,31
167,Klotzsche,51.1186284,13.7781539,9.37,32,15.7,53,17.44,61,11.13,41,13.88,48,9.08,34
168,Trachenberge,51.0959794,13.7284263,7.12,24,12.27,42,15.2,53,8.8,33,17.79,62,6.75,26
169,Mobschatz,51.0791557,13.6437255,11.72,40,11.88,40,18.63,65,11.13,37,24.5,87,9.53,32
170,Niederwartha,51.090646,13.6064712,16.72,57,16.88,57,23.63,82,16.12,54,29.49,104,14.53,49
171,Oberwartha,51.0816091,13.6047327,16.51,57,16.67,56,23.42,81,15.91,53,29.28,103,14.31,49
172,Berggießhübel,50.8737844,13.9480113,33.78,113,34.91,118,26.07,87,38.66,130,30.73,105,36.37,122
173,Kaditz,51.0843554,13.6776905,9.49,34,12.9,46,16.94,62,9.53,34,21.64,77,7.5,30
174,Übigau,51.0713098,13.6931327,8.32,28,9.82,34,15.77,56,6.45,23,20.47,71,6.33,24
175,Mickten,51.0781249,13.7070254,6.98,24,10.5,36,14.43,52,7.03,27,19.13,67,4.98,20
176,Cunnersdorf,51.1838298,13.8081959,19.85,67,26.18,89,27.93,97,21.61,77,18.42,63,19.57,70
177,Hufen,51.170515,13.7909441,16.86,57,23.19,79,24.94,86,18.62,67,18.39,63,16.58,59
178,Obergohlis,51.0874338,13.6484784,12.62,44,12.78,43,19.53,68,12.03,40,25.4,91,10.43,36
179,Pieschen,51.0831018,13.7225624,7.47,27,10.99,39,14.92,54,7.53,30,17.93,64,5.48,23
180,Innere Neustadt,51.0600782,13.7446283,2.65,8,7.31,28,10.73,38,3.61,15,14.8,51,1.56,8
181,Äußere Neustadt,51.0671858,13.7528113,2.93,10,9.26,31,11.01,39,4.7,19,14.18,50,2.65,12
182,Leipziger Vorstadt,51.0742716,13.7456304,4.1,14,9.49,32,12.18,43,5.46,22,15.14,53,3.42,15
183,Strand,50.9397755,14.073065,33.06,112,34.19,116,25.34,85,37.93,128,29.68,101,35.65,120
184,Großzschachwitz,51.0015845,13.8391166,10.8,37,11.6,40,2.76,9,10.85,36,10.5,39,10.0,34
185,Loschwitz,51.0555235,13.8154546,4.9,16,11.5,39,9.76,32,9.78,33,6.68,22,7.5,25
186,Krieschendorf,51.0234303,13.8856378,13.39,46,17.12,62,7.62,30,18.43,63,5.33,18,16.15,56
187,Hellerberge,51.0978519,13.7471755,7.21,26,12.7,44,15.28,56,8.68,34,17.87,64,6.63,27
188,Radeberger Vorstadt,51.0689995,13.7747478,2.1,7,10.31,35,12.35,43,7.23,25,12.45,44,4.95,17
189,Weißer Hirsch,51.0641586,13.8226878,6.7,22,13.29,45,11.56,38,11.57,39,6.4,22,9.29,31
190,Oberpoyritz,51.0028442,13.8954496,13.8,48,17.53,64,8.03,32,18.84,65,9.16,31,16.56,57
191,Niederpoyritz,51.0299881,13.8456531,9.36,33,13.09,49,6.74,26,14.4,50,5.6,19,12.12,42
192,Wachwitz,51.0382067,13.8314672,7.64,27,15.76,54,6.67,25,12.68,44,6.36,22,10.4,36
193,Bühlau,51.0625884,13.8511298,8.01,27,14.61,50,10.86,40,12.89,44,3.73,12,10.61,36
194,Albertstadt,51.0793519,13.7543265,4.84,18,10.34,36,12.91,47,6.32,26,15.5,55,4.27,18
195,Zschertnitz,51.022299,13.7452947,5.79,20,4.58,16,5.96,24,3.76,13,14.1,48,4.46,17
196,Omsewitz,51.0542551,13.6589564,10.08,36,8.51,29,14.41,52,6.54,22,22.85,82,7.2,24
197,Leutewitz,51.0564997,13.6713108,9.39,33,7.74,27,13.64,49,5.77,20,22.16,80,6.43,22
198,Wölfnitz,51.0403342,13.6777302,8.97,32,5.87,20,11.97,44,4.55,15,20.98,76,4.97,17
199,Seevorstadt,51.0438327,13.7338551,3.81,13,5.55,18,8.67,32,1.85,6,14.7,50,1.49,4
200,Gostritz,51.0100849,13.7494315,6.81,22,4.29,16,5.65,22,5.31,19,14.45,48,6.29,21
201,Kleinpestitz,51.0173648,13.7351584,6.97,23,3.0,11,6.65,25,3.86,13,15.2,51,5.26,18
202,Coschütz,51.0173107,13.7014868,7.74,25,1.22,4,9.15,34,3.29,10,17.29,58,5.62,19
203,Kauscha,50.9929409,13.7779251,9.07,30,8.31,29,2.49,8,8.3,28,13.65,50,8.54,28
204,Neugruna,51.0440325,13.811145,5.14,17,10.57,35,8.15,27,10.02,34,9.3,35,7.74,26
205,Torna,51.007275,13.7780781,7.5,25,6.97,25,2.98,13,6.96,23,12.65,47,6.98,23
206,Niedergohlis,51.0936452,13.6425258,12.76,45,12.92,44,19.67,69,12.16,41,25.53,91,10.57,37
207,Reick,51.0133206,13.7939453,6.99,23,7.55,27,2.81,11,6.8,23,11.38,42,7.01,23
208,Wilsdruffer Vorstadt,51.0511677,13.7255823,4.19,14,5.91,20,9.94,36,2.21,7,17.04,62,1.3,4
209,Roßthal,51.0330959,13.6755363,9.47,34,5.44,19,11.54,42,4.02,13,21.48,77,5.47,18
210,Mockritz,51.0148803,13.7417152,6.72,22,3.69,14,6.04,23,4.33,15,14.83,50,5.1,19
211,Räcknitz,51.0251896,13.7333866,5.75,19,4.09,14,6.93,27,2.64,9,15.07,51,4.04,14
212,Pirnaische Vorstadt,51.0489849,13.7495667,2.05,7,6.46,22,8.92,31,3.38,11,15.45,54,1.11,3
213,Leubnitz-Neuostra,51.0117209,13.7656363,6.59,22,5.65,20,4.34,17,5.65,19,13.62,49,6.02,20
214,Gittersee,51.0111467,13.6921953,9.0,30,0.96,3,10.42,38,4.51,15,18.57,62,6.84,23
215,Proschwitz,51.1787884,13.4761673,31.93,110,32.09,110,38.84,135,31.33,107,44.13,157,29.73,102
216,Zaschendorf,51.1527893,13.5132859,26.74,94,26.9,93,33.64,118,26.14,90,39.57,140,24.54,86
217,Korbitz,51.1529494,13.4484123,31.18,107,31.34,106,38.09,131,30.59,103,43.96,154,28.99,99
218,Vorbrücke,51.165305,13.4817815,29.43,101,29.59,100,36.34,126,28.84,97,41.9,148,27.24,93
219,Zscheila,51.1717378,13.4887724,30.65,105,30.81,104,37.56,130,30.05,102,43.27,153,28.46,97
220,Siebeneichen,51.1490326,13.4809604,27.94,97,28.09,97,34.84,122,27.34,94,40.71,144,25.74,89
221,Bohnitzsch,51.177126,13.4971196,31.8,109,31.96,108,38.71,134,31.2,105,44.42,157,29.61,101
222,Niederfähre,51.1675965,13.4770721,29.27,102,29.43,101,36.18,127,28.67,99,42.1,149,27.08,94
223,Obermeisa,51.1649474,13.4515074,31.04,106,31.2,106,37.95,131,30.44,103,43.82,153,28.85,98
224,Niederspaar,51.1522369,13.4935381,28.13,99,28.29,98,35.03,123,27.53,95,40.96,145,25.93,91
225,Klostergasse,51.1697782,13.4661901,29.91,103,30.07,102,36.82,127,29.31,99,42.68,149,27.71,95
226,Lercha,51.1475048,13.4681041,29.02,101,29.18,100,35.92,125,28.42,97,41.79,147,26.82,93
227,Questenberg,51.1572193,13.4588122,30.36,104,30.52,103,37.26,129,29.76,101,43.13,151,28.16,96
228,Altstadt,51.164854,13.4707876,29.39,102,29.55,101,36.3,127,28.79,98,42.16,149,27.2,94
229,Cölln,51.1603114,13.4877715,28.71,100,28.87,100,35.62,125,28.11,97,41.55,147,26.52,92
230,Triebischtal,51.1486356,13.4591312,30.79,106,30.95,105,37.7,131,30.19,103,43.56,153,28.59,98
231,Oberspaar,51.1492912,13.49921,27.56,96,27.72,96,34.47,121,26.97,93,40.4,143,25.37,89
232,Klosterhäuser,51.1740793,13.4557629,30.99,106,31.15,105,37.9,131,30.39,103,43.76,153,28.79,98
233,Bad Gottleuba,50.851423,13.9445243,36.3,122,37.43,127,28.59,96,41.17,139,33.24,114,38.89,131
234,Feldschlößchen,51.1395588,13.9154813,18.47,66,26.41,94,23.45,85,21.84,82,12.81,45,19.79,75
235,Radeberg,51.1151413,13.9175257,17.96,63,24.56,86,20.34,73,22.84,80,9.71,34,20.56,72
236,Prossen,50.931162,14.1147956,35.25,124,36.38,129,27.53,97,40.12,140,32.91,112,37.84,133
237,Lauterbach,51.0683362,14.1128062,37.37,128,42.37,149,32.81,115,42.41,145,23.2,78,40.13,137
238,Bühlau,51.087305,14.1048714,38.02,131,43.03,152,33.46,118,43.06,148,22.38,76,40.78,140
239,Goldbach,51.1189075,14.1424585,33.69,120,40.29,142,38.62,136,38.57,137,25.1,90,36.29,129
240,Birkigt,51.0112482,13.67759,9.92,33,2.86,9,11.37,41,5.43,18,19.52,66,7.77,27
241,Niederhäslich,50.9888388,13.6651092,16.17,62,4.25,17,12.77,45,9.69,38,28.18,105,12.16,46
242,Hainsberg,50.9835604,13.6326496,17.12,64,6.67,23,16.59,60,10.65,41,29.13,108,13.12,49
243,Deuben,50.9961024,13.6456544,14.9,55,4.88,17,14.37,52,8.43,32,26.91,99,10.89,40
244,Zauckerode,51.0174579,13.6396931,12.99,45,5.92,19,14.43,51,8.11,30,25.0,89,8.98,30
245,Schweinsdorf,50.9897462,13.6521772,16.14,61,5.69,20,13.83,49,9.67,37,28.15,104,12.14,45
246,Burgk,51.0024415,13.669471,11.6,39,3.06,11,12.35,42,8.01,31,21.19,71,10.48,39
247,Potschappel,51.0131482,13.662626,12.37,47,3.71,12,12.23,44,5.9,23,24.38,90,8.37,31
248,Somsdorf,50.9763786,13.6041243,19.68,73,9.22,32,19.15,69,13.2,49,31.68,117,15.67,58
249,Coßmannsdorf,50.9763653,13.6249545,18.15,68,7.7,28,17.62,64,11.68,45,30.16,112,14.15,53
250,Döhlen,51.0070347,13.6475354,14.34,53,5.3,17,13.81,49,7.87,30,26.35,97,10.34,38
251,Kleinzschachwitz,51.009631,13.854418,10.12,34,12.41,44,4.36,14,14.99,51,9.37,36,12.71,43
252,Kohlsdorf,51.031278,13.6341871,13.24,46,7.71,25,15.3,55,7.78,26,25.25,90,9.23,31
253,Sachsenbergsiedlung,50.9809657,14.1285121,41.31,144,43.72,153,33.92,119,46.19,160,32.55,110,43.91,152
254,Braunsdorf,51.0168066,13.5731578,17.28,60,10.66,35,19.17,67,11.82,39,29.29,103,13.27,44
255,Oberhermsdorf,51.019936,13.5906341,15.79,54,9.16,30,17.68,62,10.33,34,27.8,98,11.78,39
256,Dippoldiswalde,50.8950479,13.6633335,23.25,78,16.88,57,20.34,71,20.02,68,34.72,121,21.54,73
257,Waltersdorf,50.9496785,14.1071541,33.33,116,35.73,126,25.93,91,38.2,133,29.87,102,35.92,125
258,Fischergasse,51.1705519,13.4686898,29.82,102,29.98,102,36.73,127,29.22,99,42.6,149,27.63,94
259,Klostergut,51.1721838,13.4585254,30.73,105,30.89,105,37.64,130,30.14,102,43.51,152,28.54,97
260,Neudörfchen,51.152826,13.480133,27.58,94,27.74,93,34.48,119,26.98,91,40.35,141,25.38,86
261,Saalhausen,51.0112972,13.6161191,14.75,51,7.68,25,16.2,57,9.87,36,26.76,95,10.75,36
262,Rähnitz,51.1189656,13.7371476,10.44,35,15.47,56,18.51,65,12.2,45,16.88,58,10.15,38
263,Gommern,50.9801966,13.8443572,13.43,46,13.37,46,4.52,15,12.62,42,13.14,49,12.59,42
264,Mügeln,50.980018,13.8716349,15.02,51,14.81,51,5.96,20,14.06,47,12.3,45,17.61,60
265,Kleinsedlitz,50.9589817,13.8819169,17.64,59,17.61,60,8.77,29,22.52,76,14.92,53,20.24,68
266,Zehista,50.9372257,13.9245568,21.6,74,22.73,79,13.89,48,26.48,91,18.61,66,24.2,83
267,Mülbitz,51.280625,13.5298034,40.05,138,46.66,158,48.12,168,45.9,155,43.61,152,39.76,141
268,Zschieschen,51.2831179,13.5212774,41.14,142,45.85,155,52.6,180,45.09,152,44.7,156,43.5,148
269,Kötitz,51.1189743,13.57257,20.28,70,20.43,69,27.18,95,19.68,67,33.11,117,18.08,62
270,Neucoswig,51.1315615,13.5974731,20.75,72,20.91,71,27.66,96,20.15,68,32.76,116,18.56,64
271,Niedermeisa,51.1664801,13.4684959,29.73,102,29.89,101,36.64,127,29.13,99,42.5,149,27.54,94
272,Stenz,51.2657001,13.889241,30.59,106,36.92,127,38.67,135,32.35,115,30.45,110,30.31,108
273,Rottwerndorf,50.9246168,13.9620763,24.19,81,25.32,86,16.48,55,29.07,98,21.14,73,26.79,90
274,Löbsal,51.2275475,13.4340096,39.67,136,39.83,135,46.58,161,39.08,132,51.77,182,37.48,128
275,Triebischvorstadt,51.1613041,13.4734451,29.3,100,29.46,100,36.21,125,28.7,97,42.08,147,27.11,92
276,Görnische Vorstadt,51.1592519,13.4695369,29.35,101,29.51,100,36.26,126,28.75,98,42.13,148,27.16,93
277,Rauenthal,51.1585624,13.4614528,30.02,103,30.18,102,36.93,128,29.43,99,42.8,150,27.83,95
278,Kynastsiedlung,51.1612372,13.4516088,31.5,108,31.66,107,38.41,132,30.91,104,44.28,155,29.31,100
279,Lotzdorf,51.1278999,13.9072405,18.66,69,26.06,92,21.03,79,21.5,80,10.4,39,19.45,73
280,Stadtrandsiedlung,51.1282379,13.9541186,20.6,71,27.2,93,22.98,81,25.48,88,12.35,41,23.2,80
281,Ploschwitzer Höhe,50.9502493,13.8561418,19.4,65,17.98,61,9.13,30,17.23,57,16.68,59,22.0,74
282,Plossen,51.1561389,13.4753163,28.63,99,28.79,98,35.54,124,28.04,96,41.41,146,26.44,91
283,Neundorf,50.9168934,13.9798631,26.16,88,27.29,93,18.45,61,31.04,105,23.11,79,28.75,97
284,Vollung,51.1752598,14.0112097,28.06,97,34.66,120,30.43,108,32.93,114,19.8,68,30.65,106
285,Meißner Seite,51.1805494,14.0040247,27.51,94,36.53,123,32.09,113,31.96,111,21.46,74,29.91,104
286,Heidenau-Süd,50.97242,13.8786283,15.48,52,15.83,54,6.99,23,20.35,69,12.76,46,18.07,61
287,Dobra,51.013535,14.0277826,26.6,93,31.6,115,22.04,80,31.64,111,13.45,46,29.36,103
288,Augustusberg,50.8432304,13.9552134,37.93,129,39.06,134,30.21,103,42.8,146,34.87,121,40.52,138
289,Dölzschen,51.0263636,13.689257,9.6,34,3.45,14,10.65,39,3.13,10,21.61,77,5.6,18
290,Röderhäuser,51.1647262,14.0624279,30.08,103,36.68,125,32.46,113,34.95,120,21.83,73,32.67,112
