,Name,Lat,Long,Gemeinde,Zu_Hause_Distanz,Zu_Hause_Dauer,Robotron_Distanz,Robotron_Dauer,Schule_Distanz,Schule_Dauer,Kletterarena_Distanz,Kletterarena_Dauer,Großeltern_Distanz,Großeltern_Dauer,Dresden Zentrum_Distanz,Dresden Zentrum_Dauer
0,Podemus,51.0611175,13.6266098,"Dresden,Sachsen,Bundesrepublik Deutschland,Europe",12.28,23,19.0,23,23.02,25,9.85,18,50.31,41,9.99,19
1,Weißig,51.0016398,13.6118402,-,14.53,34,7.77,15,16.66,29,9.82,24,26.65,52,13.06,31
2,Kesselsdorf,51.0322245,13.5942849,-,18.76,28,14.45,18,18.48,20,11.58,21,53.28,41,12.15,24
3,Steinbach,51.0437651,13.6028003,"Gorbitz,Dresden,Sachsen,Bundesrepublik Deutschland,Europe",15.65,27,17.98,22,22.01,24,10.45,20,55.15,44,13.36,23
4,Pennrich,51.0441703,13.6236509,"Dresden,Sachsen,Bundesrepublik Deutschland,Europe",12.24,25,15.64,20,19.66,22,9.09,17,53.79,42,9.66,21
5,Gompitz,51.0435315,13.6377166,"Dresden,Dresden,Dresden,Sachsen,Bundesrepublik Deutschland,Europe",11.31,23,8.98,19,19.52,22,8.16,15,53.65,42,8.73,19
6,Unkersdorf,51.0564054,13.5915327,"Dresden,Sachsen,Bundesrepublik Deutschland,Europe",15.02,27,16.63,21,20.66,22,12.23,21,55.46,44,12.72,22
7,Rennersdorf,51.069234,13.6085307,-,13.37,25,19.06,24,23.09,26,10.93,20,51.39,43,11.07,21
8,Brabschütz,51.0697817,13.622591,-,12.32,23,12.94,24,23.94,27,9.89,18,50.35,41,10.03,19
9,Pesterwitz,51.0281105,13.6539668,-,10.03,24,5.63,13,20.85,24,5.61,13,19.36,43,7.49,19
10,Paulsdorf,50.9164842,13.6450675,-,22.61,40,18.89,27,18.84,28,19.99,35,31.4,54,21.14,37
11,Bad Schandau,50.918091,14.1534018,-,38.54,63,46.73,52,40.47,50,49.05,59,29.54,47,50.21,61
12,Gorbitz,51.045189,13.6716625,"Dresden,Dresden,Dresden,Sachsen,Bundesrepublik Deutschland,Europe",8.66,19,7.58,17,22.28,25,5.51,11,18.0,38,6.09,15
13,Altfranken,51.0340852,13.6454145,"Dresden,Dresden,Dresden,Sachsen,Bundesrepublik Deutschland,Europe",11.22,24,6.7,16,19.89,22,6.68,16,54.01,42,8.64,19
14,Cotta,51.0577378,13.6824944,"Dresden,Dresden,Dresden,Sachsen,Bundesrepublik Deutschland,Europe",7.37,16,7.34,15,12.03,25,4.29,9,16.7,35,5.07,11
15,Friedrichstadt,51.0588443,13.714757,-,5.03,12,6.93,16,10.66,23,3.2,8,14.37,31,2.74,8
16,Wilsdruff,51.0524125,13.5362765,-,20.75,28,22.32,22,26.35,24,18.4,25,55.27,41,20.34,26
17,Grumbach,51.0314791,13.5445044,-,21.87,33,17.55,22,21.58,24,14.69,25,56.39,46,15.26,29
18,Ottendorf-Okrilla,51.182698,13.8361238,"Kamenz,Dresden,Sachsen,Bundesrepublik Deutschland,Europe",20.24,26,38.59,32,42.62,34,23.69,28,27.46,25,23.34,28
19,Pirna,50.9616923,13.9386643,-,27.26,34,22.31,23,16.05,20,24.64,29,18.63,29,25.79,31
20,Wünschendorf,51.0174197,13.9542244,Dürrröhrsdorf-Dittersbach,20.58,34,28.47,23,22.21,20,30.79,30,7.77,14,31.95,32
21,Eschdorf,51.0367904,13.9421865,"Dresden,Dresden,Sachsen,Bundesrepublik Deutschland,Europe",14.98,30,31.7,28,25.44,26,34.02,35,4.81,10,17.46,36
22,Rossendorf,51.0570468,13.9390639,-,14.24,26,34.24,33,16.08,30,18.71,36,5.79,9,16.72,32
23,Kleinopitz,51.0044794,13.5917025,-,23.43,37,9.96,21,23.14,28,12.83,28,57.95,50,16.82,33
24,Großopitz,50.9985136,13.5912331,-,24.45,37,9.59,20,24.16,29,13.85,28,58.97,50,17.84,33
25,Tharandt,50.9853391,13.5794907,-,19.15,41,11.22,23,18.45,32,14.71,31,61.0,54,19.88,37
26,Südvorstadt,51.0354839,13.7305097,"Dresden,Dresden,Sachsen,Bundesrepublik Deutschland,Europe",4.21,11,4.75,10,8.0,16,1.52,5,14.55,31,2.75,8
27,Strehlen,51.0272848,13.7622097,"Dresden,Sachsen,Bundesrepublik Deutschland,Europe",5.07,11,5.36,11,5.72,10,4.89,10,12.44,26,4.08,9
28,Wilschdorf,51.1202022,13.7201701,"Dresden,Sachsen,Bundesrepublik Deutschland,Europe",9.63,20,28.38,27,32.41,29,13.48,23,38.0,33,9.67,22
29,Langebrück,51.1313939,13.8409193,-,14.14,21,43.55,39,23.12,39,18.8,32,19.72,26,16.8,28
30,Bärenklause,50.968738,13.7657138,Kreischa,13.62,26,10.93,16,5.7,10,13.25,23,20.53,40,12.63,24
31,Plauen,51.0277699,13.7098359,"Dresden,Dresden,Sachsen,Bundesrepublik Deutschland,Europe",6.03,14,2.95,6,11.46,18,2.01,5,16.37,34,4.57,11
32,Friedersdorf,51.2023272,14.0035848,Pulsnitz,35.4,37,53.76,43,57.79,45,38.85,39,24.11,27,38.5,39
33,Pulsnitz,51.1825771,14.0139733,-,33.31,34,51.66,40,55.69,42,36.76,36,22.02,24,36.41,36
34,Kleinröhrsdorf,51.1288759,13.9757571,Großröhrsdorf,19.73,30,52.66,41,27.47,42,37.76,37,15.57,18,22.38,36
35,Schönborn,51.1454972,13.8654659,-,17.17,26,41.64,39,45.67,41,26.74,35,19.01,25,19.82,32
36,Kleindittmannsdorf,51.175117,13.9349467,Lichtenberg,23.66,36,46.92,45,50.95,46,32.01,41,19.38,24,31.66,40
37,Wallroda,51.1141427,13.95687,Arnsdorf,17.77,27,55.22,41,24.23,39,40.31,37,12.34,15,20.43,34
38,Fischbach,51.0862805,14.0172773,Arnsdorf,20.95,33,38.67,37,32.41,34,41.0,43,12.5,16,23.43,39
39,Weißig,51.0611241,13.8846225,-,9.47,19,16.83,34,14.34,29,13.94,29,1.04,2,11.95,25
40,Gönnsdorf,51.0482056,13.86893,"Dresden,Dresden,Sachsen,Bundesrepublik Deutschland,Europe",9.25,19,16.62,35,12.45,26,13.72,30,3.48,6,11.73,25
41,Cunnersdorf,51.0434199,13.8779892,"Dresden,Dresden,Sachsen,Bundesrepublik Deutschland,Europe",10.02,21,22.77,35,11.58,24,14.49,31,4.25,7,12.5,27
42,Pappritz,51.038152,13.8539764,-,10.81,22,18.18,37,14.01,28,15.28,32,5.04,9,13.29,28
43,Helfenberg,51.0371873,13.8651519,"Dresden,Dresden,Sachsen,Bundesrepublik Deutschland,Europe",9.79,21,21.39,32,10.2,21,14.27,31,5.49,10,12.28,26
44,Rockau,51.0278281,13.8648317,"Dresden,Dresden,Sachsen,Bundesrepublik Deutschland,Europe",10.9,24,22.49,36,11.3,24,15.37,34,6.42,13,13.38,30
45,Malschendorf,51.026096,13.8829907,"Dresden,Dresden,Sachsen,Bundesrepublik Deutschland,Europe",12.03,27,19.86,34,8.68,22,16.5,37,5.22,11,14.51,32
46,Borsberg,51.0127446,13.8958848,"Dresden,Dresden,Sachsen,Bundesrepublik Deutschland,Europe",12.32,24,19.48,28,8.3,17,16.06,33,7.78,14,13.68,29
47,Zaschendorf,51.0179808,13.9119487,"Dresden,Sachsen,Bundesrepublik Deutschland,Europe",13.76,27,20.92,31,9.73,19,17.49,36,6.3,11,15.11,31
48,Schullwitz,51.040159,13.920996,"Dresden,Dresden,Sachsen,Bundesrepublik Deutschland,Europe",13.31,27,33.18,32,13.06,25,17.78,37,3.15,6,15.79,33
49,Pratzschwitz,50.9680121,13.8972031,-,27.73,32,22.79,20,16.53,17,25.11,26,16.83,24,26.27,29
50,Bonnewitz,51.0060776,13.9444764,Pirna,18.8,33,26.68,22,20.43,19,29.01,28,10.32,19,30.17,31
51,Jessen,50.991008,13.9459917,Pirna,17.72,35,26.5,25,20.24,23,28.82,32,11.79,25,29.98,34
52,Liebethal,50.9986432,13.9585538,Pirna,19.5,35,27.39,25,21.13,22,29.71,31,10.39,20,30.87,33
53,Zatzschke,50.9787264,13.9588033,Pirna,18.91,36,27.09,25,20.83,23,29.42,32,16.41,26,30.57,34
54,Copitz,50.9685807,13.9306563,Pirna,27.92,33,22.97,21,16.71,18,25.3,27,15.11,24,26.45,30
55,Mockethal,50.9736734,13.9587007,Pirna,18.67,35,26.85,24,20.6,22,29.18,31,16.18,25,30.34,33
56,Daube,50.9933535,13.9771392,Lohmen,20.77,41,28.96,31,22.7,28,31.28,37,14.34,31,32.44,40
57,Dorf Wehlen,50.960812,14.0051103,Stadt Wehlen,22.27,38,30.45,28,24.2,25,32.78,35,19.78,28,33.93,37
58,Ebenheit,50.9458244,13.9799841,Struppen,30.74,40,25.79,28,19.54,26,28.12,35,22.47,35,29.27,37
59,Elbersdorf,51.024445,13.9886496,Dürrröhrsdorf-Dittersbach,24.17,38,32.78,29,26.52,26,35.11,36,9.73,18,36.26,38
60,Wölkau,50.9739442,13.8309315,Heidenau,18.15,27,13.2,15,6.58,11,15.53,22,30.58,35,16.68,24
61,Bosewitz,50.9660395,13.8304865,Dohna,17.15,24,12.2,12,5.58,9,14.53,19,29.58,33,15.69,21
62,Kautzsch,50.9616519,13.7658578,Kreischa,13.94,26,11.24,17,6.09,10,13.57,23,20.85,40,12.95,24
63,Siedlung Waldfrieden,50.9640422,13.6226923,"Rabenau,Sächsische Schweiz-Osterzgebirge,Dresden,Sachsen,Bundesrepublik Deutschland,Europe",20.77,38,9.94,22,16.27,26,13.43,31,30.45,52,19.3,35
64,Stolpen,51.0492329,14.0830003,-,25.1,39,41.78,40,35.52,38,44.1,47,16.65,22,27.58,44
65,Striesen,51.0434696,13.7860506,"Dresden,Sachsen,Bundesrepublik Deutschland,Europe",3.07,7,8.88,18,7.73,15,6.42,13,9.44,19,4.43,8
66,Gruna,51.0332929,13.7864783,"Dresden,Sachsen,Bundesrepublik Deutschland,Europe",5.21,11,8.13,17,5.93,11,6.55,14,10.3,22,4.57,9
67,Leuben,51.0106334,13.8270795,-,8.83,18,11.9,17,3.08,5,10.56,21,13.37,26,8.19,16
68,Tolkewitz,51.0319811,13.8223508,-,5.89,12,13.78,23,6.51,13,9.27,20,9.82,20,7.28,15
69,Laubegast,51.0233708,13.8379982,"Dresden,Dresden,Sachsen,Bundesrepublik Deutschland,Europe",8.03,19,13.57,20,5.49,9,10.9,22,13.73,27,8.91,18
70,Dobritz,51.0156278,13.811801,"Dresden,Dresden,Sachsen,Bundesrepublik Deutschland,Europe",7.94,17,10.81,16,3.54,6,9.34,18,12.51,27,7.29,15
71,Seidnitz,51.0275953,13.803068,-,6.81,14,12.66,20,5.39,10,8.15,17,11.24,24,6.16,12
72,Prohlis,51.0066538,13.7930626,"Dresden,Dresden,Sachsen,Bundesrepublik Deutschland,Europe",8.96,17,9.93,13,2.34,4,8.29,16,14.6,29,7.48,15
73,Niedersedlitz,50.9975268,13.8214684,"Dresden,Sachsen,Bundesrepublik Deutschland,Europe",10.46,21,13.73,15,1.59,4,10.57,21,14.11,28,9.82,19
74,Zschieren,50.9918571,13.8750001,"Dresden,Sachsen,Bundesrepublik Deutschland,Europe",13.25,27,16.38,21,6.64,13,18.71,28,14.04,29,12.61,26
75,Zitzschewig,51.1184894,13.603764,Radebeul,14.89,31,29.67,35,33.7,37,14.95,30,47.9,46,14.59,30
76,Naundorf,51.1114741,13.6064198,Radebeul,14.82,32,17.66,35,32.9,38,14.61,29,47.84,46,14.75,30
77,Kötzschenbroda,51.1052596,13.6309107,-,12.64,27,26.79,30,30.82,32,12.07,26,46.97,42,11.72,25
78,Niederlößnitz,51.1099168,13.6445049,-,12.36,28,27.35,32,31.37,34,12.62,27,45.84,44,12.27,27
79,Serkowitz,51.0952921,13.6587433,-,10.37,22,24.52,26,28.55,27,9.8,21,44.7,37,9.45,20
80,Oberlößnitz,51.1066072,13.6799641,-,9.57,22,28.19,29,32.22,31,10.45,24,42.16,36,9.16,22
81,Lindenau,51.1231805,13.6316793,Radebeul,14.3,31,29.08,34,33.11,36,14.36,30,44.92,40,14.01,29
82,Radebeul,51.0999765,13.6767995,-,9.24,20,24.76,27,28.79,28,10.04,22,43.02,37,8.84,20
83,Lockwitz,50.9872806,13.8062434,-,11.51,22,11.69,12,1.67,4,14.01,18,17.15,34,10.04,20
84,Nickern,50.9942356,13.7874795,-,10.15,20,9.14,13,2.32,5,9.5,19,15.8,31,8.69,18
85,Königsbrück,51.2637467,13.9028337,-,30.98,43,49.33,49,53.36,51,34.43,45,35.6,43,34.08,45
86,Reichenbach,51.244034,13.9800426,Haselbachtal,40.92,45,59.27,52,63.3,53,44.37,48,29.62,35,44.02,47
87,Mittelbach,51.1944115,13.9691073,Großnaundorf,35.98,36,54.34,42,58.36,44,39.43,38,24.69,25,39.08,37
88,Cunnersdorf,51.0083073,14.1395533,Hohnstein,32.51,49,44.75,47,38.5,44,47.08,54,24.06,32,34.99,54
89,Radeburg,51.2149248,13.7241174,-,21.06,26,39.42,32,43.44,34,24.51,28,44.35,34,24.16,28
90,Neusörnewitz,51.1454235,13.5491221,Coswig,25.17,39,44.85,46,48.88,48,20.98,40,52.03,49,21.12,41
91,Weßnitz,51.277361,13.55947,Großenhain,36.91,44,55.27,51,59.3,52,40.37,47,60.21,52,40.01,46
92,Weixdorf,51.1447649,13.8006456,-,12.15,25,37.1,34,41.13,36,22.2,30,31.33,30,13.21,30
93,Trachau,51.0879449,13.7078055,-,7.16,17,11.83,26,28.41,28,8.05,19,15.34,33,6.76,17
94,Hohnstein,50.9797836,14.1111221,-,35.4,54,40.22,44,33.96,41,42.54,50,22.28,37,43.7,53
95,Liebstadt,50.8634629,13.8570413,"Sächsische Schweiz-Osterzgebirge,Dresden,Sachsen,Bundesrepublik Deutschland,Europe",33.74,36,28.79,24,22.54,22,31.12,31,34.82,40,32.27,33
96,Schönfeld,51.0337041,13.8948846,"Dresden,Dresden,Sachsen,Bundesrepublik Deutschland,Europe",11.77,25,24.19,36,13.01,25,16.24,35,3.59,6,14.25,30
97,Bad Gottleuba-Berggießhübel,50.8584186,13.9480444,"Sächsische Schweiz-Osterzgebirge,Dresden,Sachsen,Bundesrepublik Deutschland,Europe",35.28,37,30.34,25,24.08,23,32.66,32,29.25,38,33.82,34
98,Freital,51.016265,13.6530329,-,11.08,26,4.46,10,14.35,24,6.37,16,21.42,46,9.62,23
99,Johannstadt,51.0507409,13.7673583,"Dresden,Dresden,Dresden,Sachsen,Bundesrepublik Deutschland,Europe",1.15,3,8.37,17,9.32,17,4.75,11,10.24,21,2.76,7
100,Elstra,51.220516,14.1350305,"Bautzen,Dresden,Sachsen,Bundesrepublik Deutschland,Europe",46.88,41,65.23,47,69.26,49,50.33,44,36.26,32,49.97,43
101,Großröhrsdorf,51.1456848,14.0199103,-,22.86,35,52.97,42,40.83,43,38.06,38,18.71,23,37.71,37
102,Meißen,51.1630871,13.4704939,-,33.21,46,34.79,40,38.82,42,24.44,41,67.73,59,24.58,42
103,Innere Altstadt,51.0517447,13.7372977,"Dresden,Sachsen,Bundesrepublik Deutschland,Europe",3.48,9,6.86,16,9.98,22,3.08,8,14.02,30,0.18,0
104,Stadt Wehlen,50.957091,14.0307534,"Sächsische Schweiz-Osterzgebirge,Dresden,Sachsen,Bundesrepublik Deutschland,Europe",25.21,43,33.39,33,27.14,30,35.72,39,22.72,33,36.88,42
105,Zöllmen,51.0430199,13.6109099,"Striesen,Dresden,Sachsen,Bundesrepublik Deutschland,Europe",13.18,27,16.58,21,20.6,23,10.03,19,54.73,43,10.6,22
106,Königstein,50.9185261,14.0732271,"Sächsische Schweiz-Osterzgebirge,Dresden,Sachsen,Bundesrepublik Deutschland,Europe",42.45,48,37.5,36,31.24,34,39.83,43,31.27,45,40.98,45
107,Dohna,50.955232,13.8587012,"Sächsische Schweiz-Osterzgebirge,Dresden,Sachsen,Bundesrepublik Deutschland,Europe",22.05,27,17.1,16,10.85,13,19.43,22,22.6,29,20.59,24
108,Naußlitz,51.0338644,13.6860039,"Dresden,Dresden,Dresden,Sachsen,Bundesrepublik Deutschland,Europe",7.54,18,4.45,10,12.96,22,2.95,7,17.44,39,5.71,15
109,Roitzsch,51.0539154,13.6092978,"Gorbitz,Dresden,Sachsen,Bundesrepublik Deutschland,Europe",14.12,25,17.61,22,21.64,23,11.07,20,52.15,43,11.83,21
110,Stetzsch,51.0814688,13.6578325,-,9.92,22,10.53,23,25.32,25,7.49,16,47.44,38,7.63,17
111,Ockerwitz,51.0559822,13.6439177,"Dresden,Sachsen,Bundesrepublik Deutschland,Europe",10.23,22,10.12,21,21.42,25,7.97,16,19.56,41,7.93,18
112,Glashütte,50.8502095,13.7766767,-,35.17,45,30.22,33,23.6,29,32.55,39,39.09,53,33.7,42
113,Briesnitz,51.0639097,13.6679675,"Dresden,Sachsen,Bundesrepublik Deutschland,Europe",8.26,19,8.87,20,25.75,27,5.83,13,17.59,38,5.96,14
114,Blasewitz,51.0521778,13.7990205,"Dresden,Dresden,Dresden,Sachsen,Bundesrepublik Deutschland,Europe",3.18,6,11.06,21,8.89,17,7.43,16,7.9,17,5.45,11
115,Rabenau,50.9631279,13.6418236,"Sächsische Schweiz-Osterzgebirge,Dresden,Sachsen,Bundesrepublik Deutschland,Europe",19.44,35,14.52,21,14.94,23,18.01,29,29.12,49,17.97,32
116,Heidenau,50.9735851,13.8753917,"Sächsische Schweiz-Osterzgebirge,Dresden,Sachsen,Bundesrepublik Deutschland,Europe",14.66,29,15.65,18,6.52,12,17.97,25,20.69,29,19.13,27
117,Coswig,51.1267305,13.5783983,-,16.97,36,31.75,40,35.78,41,17.01,34,51.19,49,16.68,34
118,Kamenz - Kamjenc,51.270139,14.0948628,-,44.9,50,63.25,56,67.28,58,48.35,52,33.6,39,47.99,51
119,Sporbitz,50.9937401,13.8502349,"Dresden,Dresden,Sachsen,Bundesrepublik Deutschland,Europe",11.44,22,14.54,18,4.83,8,16.87,24,13.58,27,10.8,21
120,Meußlitz,50.9973863,13.8551618,"Dresden,Dresden,Sachsen,Bundesrepublik Deutschland,Europe",11.73,23,16.03,19,5.12,8,13.34,25,13.04,26,11.09,22
121,Häslich,51.2450926,14.0148977,Haselbachtal,42.64,48,60.99,54,65.02,56,46.09,50,31.34,38,45.73,50
122,Rochwitz,51.0494617,13.844271,"Dresden,Dresden,Sachsen,Bundesrepublik Deutschland,Europe",7.86,17,15.23,32,13.38,27,12.33,27,6.17,11,10.34,22
123,Eichbusch,51.0322753,13.8774409,"Dresden,Dresden,Sachsen,Bundesrepublik Deutschland,Europe",11.02,24,22.61,35,11.42,24,15.49,34,5.18,10,13.5,30
124,Reitzendorf,51.0253099,13.9039904,"Dresden,Dresden,Sachsen,Bundesrepublik Deutschland,Europe",13.05,29,21.82,34,10.63,22,18.39,39,4.87,10,15.53,34
125,Großdrebnitz,51.0886388,14.1579683,-,33.61,48,50.29,50,44.04,47,57.32,53,25.17,31,56.97,52
126,Schmiedefeld,51.0857904,14.0729882,-,24.01,35,41.74,39,35.48,36,44.06,45,15.57,18,26.5,41
127,Seeligstadt,51.0984635,14.0439878,Großharthau,25.1,36,41.33,40,35.08,37,43.66,44,15.16,20,26.09,42
128,Bretnig,51.1473926,14.060793,Bretnig-Hauswalde,37.2,35,55.55,41,59.58,43,40.64,37,26.58,26,40.29,37
129,Hauswalde,51.1525612,14.0910055,Bretnig-Hauswalde,39.21,38,57.56,44,61.59,46,42.66,40,28.59,29,42.3,39
130,Pillnitz,51.0126628,13.8713801,-,10.58,22,17.75,25,6.56,14,14.32,30,9.59,17,11.94,26
131,Gickelsberg,51.1888145,14.054906,Ohorn,38.65,37,57.0,43,61.03,45,42.1,39,28.04,28,41.74,39
132,Möhrsdorf,51.2122853,14.0752371,Haselbachtal,43.33,44,61.69,51,65.71,52,46.78,47,29.23,35,46.43,46
133,Talpenberg,51.2172314,14.1171934,Elstra,47.97,42,66.32,48,70.35,50,51.41,44,37.35,33,51.06,44
134,Rehnsdorf,51.2100062,14.1051848,"Elstra,Bautzen,Dresden,Sachsen,Bundesrepublik Deutschland,Europe",47.8,42,66.16,48,70.19,50,51.25,44,37.19,33,50.9,44
135,Bischheim,51.2389546,14.0391546,Haselbachtal,40.47,44,58.83,50,62.85,52,43.92,47,29.18,34,43.57,46
136,Weißbach,51.2191032,14.0322523,Steina,37.74,41,56.1,48,60.13,50,41.2,44,26.45,31,40.84,43
137,Rennersdorf-Neudörfel,51.0607245,14.0670938,Stolpen,23.31,36,39.99,38,33.73,35,42.32,45,14.86,20,25.79,42
138,Birkwitz,50.9798791,13.8888737,-,14.52,30,26.56,23,20.3,21,28.89,30,13.43,25,30.04,32
139,Hinterjessen,50.9884421,13.9382506,Pirna,17.76,35,25.95,25,19.69,22,28.27,31,15.27,25,29.43,33
140,Wohla,51.2326913,14.1162887,"Elstra,Bautzen,Dresden,Sachsen,Bundesrepublik Deutschland,Europe",48.92,44,67.27,50,71.3,52,52.37,46,38.31,35,52.02,45
141,Doberzeit,50.9841188,13.9695887,Lohmen,19.47,36,27.66,26,21.4,23,29.99,32,16.98,26,31.14,34
142,Wilschdorf,51.0623894,14.013725,Dürrröhrsdorf-Dittersbach,18.99,31,35.67,33,29.41,30,37.99,39,10.54,14,21.47,37
143,Söbrigen,50.9941457,13.8828156,"Dresden,Dresden,Sachsen,Bundesrepublik Deutschland,Europe",12.85,27,28.02,26,8.83,19,30.35,33,11.76,21,14.21,31
144,Posta,50.9665189,13.9539824,Pirna,29.57,36,24.62,25,18.36,22,26.95,31,17.2,27,28.1,33
145,Mühlsdorf,50.9953966,13.9872946,Lohmen,21.99,39,29.88,28,23.62,25,32.2,34,12.36,23,33.36,37
146,Ehrenberg,50.9907458,14.1518346,Hohnstein,35.08,53,43.52,48,37.27,45,45.85,54,26.63,36,47.0,56
147,Stürza,51.0116915,14.0627253,Hohnstein,29.04,44,36.8,37,30.54,34,39.13,44,14.88,26,40.28,46
148,Kemnitz,51.0708403,13.6644011,-,8.89,19,9.51,20,24.79,24,6.46,14,46.92,37,6.6,15
149,Großluga,50.9867115,13.8304426,"Dresden,Sachsen,Bundesrepublik Deutschland,Europe",16.84,23,11.9,11,2.77,5,14.22,18,15.21,30,15.38,20
150,Winkwitz,51.1817574,13.4714649,"Meißen,Dresden,Sachsen,Bundesrepublik Deutschland,Europe",33.63,48,38.67,50,42.7,52,27.92,50,60.49,58,33.67,50
151,Wurgwitz,51.0255828,13.6276404,-,13.29,28,6.96,16,20.19,22,7.58,17,54.27,43,10.71,23
152,Kaitz,51.0139212,13.7275321,"Dresden,Dresden,Sachsen,Bundesrepublik Deutschland,Europe",6.51,15,2.13,4,9.11,13,3.89,10,16.49,33,5.04,12
153,Wahnsdorf,51.1188501,13.6716604,"Radebeul,Sachsen,Bundesrepublik Deutschland,Europe",12.15,26,29.18,30,33.21,32,14.28,27,43.16,38,13.93,26
154,Helmsdorf,51.0371158,14.0412767,Stolpen,22.77,39,36.03,37,29.77,34,38.35,43,14.32,22,25.25,45
155,Dobritz,51.1376519,13.4423689,-,33.95,47,35.53,42,39.55,43,31.6,45,68.47,61,33.54,45
156,Buschbad,51.1344205,13.4596209,-,33.63,46,35.21,40,39.23,42,31.28,43,68.15,59,33.22,44
157,Sonnenstein,50.95688,13.9513544,Pirna,28.62,37,23.67,26,17.41,23,26.0,32,20.34,33,27.15,34
158,Heeselicht,51.0078998,14.0900772,Stolpen,29.6,44,38.85,40,32.59,37,41.18,46,21.15,28,42.33,48
159,Löbtau,51.0413452,13.6984581,"Dresden,Dresden,Sachsen,Bundesrepublik Deutschland,Europe",6.69,16,4.68,11,10.45,23,2.34,7,16.02,36,4.14,12
160,Rottewitz,51.182858,13.4632389,"Meißen,Dresden,Sachsen,Bundesrepublik Deutschland,Europe",34.38,49,38.57,50,42.6,52,27.82,50,61.24,59,27.96,51
161,Cunnersdorf,50.9596832,13.9620218,Pirna,29.18,39,24.23,28,17.98,25,26.56,34,20.91,35,27.71,36
162,Niederhermsdorf,51.0221846,13.6157997,-,14.21,30,7.44,17,20.05,22,8.49,19,54.86,43,11.63,25
163,Cossebaude,51.0876124,13.6298379,-,12.11,25,12.72,26,27.51,29,9.68,20,49.63,41,9.82,21
164,Kleinluga,50.9827084,13.8303387,"Dresden,Sachsen,Bundesrepublik Deutschland,Europe",17.15,24,12.21,12,3.08,6,14.53,19,15.81,31,15.69,21
165,Hosterwitz,51.0145851,13.8630803,-,9.68,20,17.39,24,6.21,13,13.96,29,9.56,18,11.59,25
166,Hellerau,51.1126515,13.7595615,-,8.04,16,29.83,29,33.86,31,10.42,23,15.3,31,9.1,21
167,Klotzsche,51.1186284,13.7781539,-,9.07,19,31.39,31,35.42,33,11.45,27,38.0,33,10.13,24
168,Trachenberge,51.0959794,13.7284263,"Dresden,Sachsen,Bundesrepublik Deutschland,Europe",6.72,16,11.58,28,31.12,31,7.8,20,13.98,31,6.51,17
169,Mobschatz,51.0791557,13.6437255,-,11.76,23,12.37,24,27.14,28,9.33,18,49.27,41,9.47,19
170,Niederwartha,51.090646,13.6064712,-,13.76,30,14.37,31,29.15,33,11.32,24,51.27,46,11.46,25
171,Oberwartha,51.0816091,13.6047327,"Cossebaude,Dresden,Dresden,Sachsen,Bundesrepublik Deutschland,Europe",14.96,28,19.95,26,23.98,28,12.53,23,52.99,46,12.67,24
172,Berggießhübel,50.8737844,13.9480113,"Bad Gottleuba-Berggießhübel,Sächsische Schweiz-Osterzgebirge,Dresden,Sachsen,Bundesrepublik Deutschland,Europe",33.55,35,28.6,23,22.34,21,30.93,30,27.51,36,32.08,32
173,Kaditz,51.0843554,13.6776905,"Dresden,Dresden,Sachsen,Bundesrepublik Deutschland,Europe",8.17,20,22.84,23,26.86,25,8.12,18,43.02,35,7.76,18
174,Übigau,51.0713098,13.6931327,"Dresden,Dresden,Sachsen,Bundesrepublik Deutschland,Europe",7.87,17,8.97,20,28.0,27,5.93,14,43.16,34,5.58,13
175,Mickten,51.0781249,13.7070254,"Dresden,Dresden,Sachsen,Bundesrepublik Deutschland,Europe",5.85,13,10.55,23,28.07,27,6.73,16,14.88,32,5.44,13
176,Cunnersdorf,51.1838298,13.8081959,"Ottendorf-Okrilla,Bautzen,Dresden,Sachsen,Bundesrepublik Deutschland,Europe",20.39,28,38.75,34,42.77,36,23.84,30,29.58,28,23.49,29
177,Hufen,51.170515,13.7909441,"Medingen,Ottendorf-Okrilla,Bautzen,Dresden,Sachsen,Bundesrepublik Deutschland,Europe",21.65,30,40.0,36,44.03,38,25.1,32,30.41,29,24.75,31
178,Obergohlis,51.0874338,13.6484784,-,11.52,25,12.14,26,26.92,29,9.09,20,49.04,41,9.23,21
179,Pieschen,51.0831018,13.7225624,"Dresden,Sachsen,Bundesrepublik Deutschland,Europe",5.97,14,10.63,24,29.21,30,6.86,16,14.68,31,5.57,14
180,Innere Neustadt,51.0600782,13.7446283,-,2.03,5,9.3,20,10.27,22,4.75,12,11.62,25,3.02,8
181,Äußere Neustadt,51.0671858,13.7528113,-,2.69,7,9.97,22,10.94,23,5.14,14,11.41,24,3.69,10
182,Leipziger Vorstadt,51.0742716,13.7456304,-,3.55,10,9.45,22,11.79,26,5.67,14,11.61,25,4.39,12
183,Strand,50.9397755,14.073065,-,43.0,52,38.05,41,31.79,38,40.38,47,30.32,49,41.53,49
184,Großzschachwitz,51.0015845,13.8391166,"Dresden,Sachsen,Bundesrepublik Deutschland,Europe",10.64,21,14.35,16,3.44,5,11.66,22,12.76,25,9.99,19
185,Loschwitz,51.0555235,13.8154546,"Dresden,Dresden,Sachsen,Bundesrepublik Deutschland,Europe",4.18,9,11.54,24,9.69,19,8.65,19,6.33,12,6.66,15
186,Krieschendorf,51.0234303,13.8856378,"Dresden,Dresden,Sachsen,Bundesrepublik Deutschland,Europe",12.24,28,19.41,32,8.22,21,15.98,37,5.4,12,13.6,32
187,Hellerberge,51.0978519,13.7471755,"Dresden,Dresden,Sachsen,Bundesrepublik Deutschland,Europe",-1.0,-1,-1.0,-1,-1.0,-1,-1.0,-1,-1.0,-1,-1.0,-1
188,Radeberger Vorstadt,51.0689995,13.7747478,"Dresden,Dresden,Sachsen,Bundesrepublik Deutschland,Europe",2.1,5,10.89,23,11.07,22,6.61,16,9.2,19,4.61,11
189,Weißer Hirsch,51.0641586,13.8226878,"Dresden,Dresden,Sachsen,Bundesrepublik Deutschland,Europe",5.35,12,13.11,28,11.26,23,10.21,23,5.58,11,8.01,18
190,Oberpoyritz,51.0028442,13.8954496,"Dresden,Dresden,Sachsen,Bundesrepublik Deutschland,Europe",12.77,25,26.51,23,8.75,18,28.83,30,11.68,20,14.13,30
191,Niederpoyritz,51.0299881,13.8456531,"Dresden,Dresden,Sachsen,Bundesrepublik Deutschland,Europe",8.01,17,19.6,29,8.41,17,12.48,27,7.79,15,10.49,23
192,Wachwitz,51.0382067,13.8314672,"Dresden,Dresden,Sachsen,Bundesrepublik Deutschland,Europe",6.26,13,13.63,28,9.69,20,10.73,23,8.85,17,8.74,18
193,Bühlau,51.0625884,13.8511298,"Dresden,Dresden,Sachsen,Bundesrepublik Deutschland,Europe",7.04,15,14.41,30,12.56,25,11.51,25,3.75,7,9.53,20
194,Albertstadt,51.0793519,13.7543265,"Dresden,Dresden,Sachsen,Bundesrepublik Deutschland,Europe",5.1,12,11.26,27,14.08,29,7.48,19,12.36,27,6.16,17
195,Zschertnitz,51.022299,13.7452947,"Dresden,Dresden,Sachsen,Bundesrepublik Deutschland,Europe",5.36,12,4.28,8,6.28,13,3.58,10,14.92,30,4.37,10
196,Omsewitz,51.0542551,13.6589564,"Dresden,Dresden,Sachsen,Bundesrepublik Deutschland,Europe",9.81,21,8.4,18,21.48,25,6.34,13,19.14,40,7.51,16
197,Leutewitz,51.0564997,13.6713108,"Dresden,Dresden,Sachsen,Bundesrepublik Deutschland,Europe",9.04,19,7.63,17,22.31,25,5.57,11,18.38,38,6.75,15
198,Wölfnitz,51.0403342,13.6777302,"Dresden,Dresden,Sachsen,Bundesrepublik Deutschland,Europe",8.47,19,5.96,14,14.46,26,5.32,11,17.8,39,5.89,15
199,Seevorstadt,51.0438327,13.7338551,-,3.53,9,5.62,13,8.98,18,1.84,4,13.87,29,2.06,6
200,Gostritz,51.0100849,13.7494315,"Dresden,Dresden,Sachsen,Bundesrepublik Deutschland,Europe",7.21,17,4.11,9,6.54,13,5.3,14,15.11,33,6.22,15
201,Kleinpestitz,51.0173648,13.7351584,"Dresden,Dresden,Sachsen,Bundesrepublik Deutschland,Europe",6.58,14,3.34,7,7.3,14,3.84,10,16.14,32,5.0,12
202,Coschütz,51.0173107,13.7014868,"Dresden,Dresden,Sachsen,Bundesrepublik Deutschland,Europe",7.75,17,1.36,2,10.17,15,3.31,8,18.24,37,6.28,14
203,Kauscha,50.9929409,13.7779251,-,10.79,20,8.23,11,2.96,5,10.56,17,16.43,31,9.32,18
204,Neugruna,51.0440325,13.811145,"Dresden,Dresden,Sachsen,Bundesrepublik Deutschland,Europe",4.83,10,10.88,22,7.62,15,8.9,18,8.34,18,6.91,14
205,Torna,51.007275,13.7780781,"Dresden,Dresden,Sachsen,Bundesrepublik Deutschland,Europe",8.53,17,10.54,15,2.95,6,7.87,16,14.17,29,7.06,15
206,Niedergohlis,51.0936452,13.6425258,-,12.17,27,12.79,28,27.57,31,9.74,22,49.69,44,9.88,23
207,Reick,51.0133206,13.7939453,"Dresden,Dresden,Sachsen,Bundesrepublik Deutschland,Europe",7.65,15,10.95,15,3.36,6,7.76,15,13.29,26,7.0,13
208,Wilsdruffer Vorstadt,51.0511677,13.7255823,"Dresden,Dresden,Sachsen,Bundesrepublik Deutschland,Europe",3.72,10,5.92,13,9.6,19,2.14,5,13.87,30,1.59,5
209,Roßthal,51.0330959,13.6755363,"Dresden,Dresden,Sachsen,Bundesrepublik Deutschland,Europe",8.44,21,5.52,12,14.03,24,4.02,10,17.77,40,5.89,16
210,Mockritz,51.0148803,13.7417152,"Dresden,Dresden,Sachsen,Bundesrepublik Deutschland,Europe",6.42,14,3.5,6,6.92,12,4.33,11,15.49,31,5.42,12
211,Räcknitz,51.0251896,13.7333866,"Dresden,Dresden,Sachsen,Bundesrepublik Deutschland,Europe",5.23,12,3.81,8,7.67,15,2.61,7,15.83,32,3.76,9
212,Pirnaische Vorstadt,51.0489849,13.7495667,"Dresden,Dresden,Sachsen,Bundesrepublik Deutschland,Europe",2.11,5,6.68,15,8.64,17,3.02,7,12.03,25,1.03,3
213,Leubnitz-Neuostra,51.0117209,13.7656363,"Dresden,Dresden,Sachsen,Bundesrepublik Deutschland,Europe",6.96,16,5.78,12,4.39,9,6.78,15,13.88,29,5.97,14
214,Gittersee,51.0111467,13.6921953,-,8.77,19,1.26,2,11.44,16,4.33,10,20.14,39,7.3,16
215,Proschwitz,51.1787884,13.4761673,-,33.35,47,39.49,51,43.51,53,38.13,50,60.21,57,33.39,49
216,Zaschendorf,51.1527893,13.5132859,-,28.56,45,38.35,47,42.38,49,24.19,45,55.41,55,24.33,46
217,Korbitz,51.1529494,13.4484123,-,35.15,49,36.73,43,40.76,45,27.42,46,69.67,62,34.74,47
218,Vorbrücke,51.165305,13.4817815,-,27.45,48,35.76,43,39.79,45,25.02,42,60.7,58,25.16,43
219,Zscheila,51.1717378,13.4887724,-,33.67,48,36.67,45,40.7,47,25.93,45,60.53,58,26.07,46
220,Siebeneichen,51.1490326,13.4809604,-,31.2,42,32.78,36,36.8,38,28.85,39,65.72,55,30.79,40
221,Bohnitzsch,51.177126,13.4971196,-,31.46,43,37.84,47,41.86,49,36.23,46,58.31,52,31.5,45
222,Niederfähre,51.1675965,13.4770721,-,27.15,47,35.46,42,39.49,44,24.71,42,61.08,59,24.85,43
223,Obermeisa,51.1649474,13.4515074,-,28.71,49,36.29,44,40.31,46,26.28,43,63.16,62,26.42,44
224,Niederspaar,51.1522369,13.4935381,-,30.94,49,37.77,47,41.8,49,23.65,45,57.79,58,23.79,46
225,Klostergasse,51.1697782,13.4661901,-,27.58,48,35.99,44,40.02,45,25.15,43,62.03,62,25.29,44
226,Lercha,51.1475048,13.4681041,-,30.72,42,32.3,36,36.32,38,28.37,39,65.24,55,30.31,40
227,Questenberg,51.1572193,13.4588122,-,33.79,48,35.37,42,39.39,44,26.05,45,68.31,61,33.38,46
228,Altstadt,51.164854,13.4707876,-,27.79,50,35.51,44,39.54,46,25.35,45,68.45,63,25.49,46
229,Cölln,51.1603114,13.4877715,-,30.29,49,36.24,44,40.27,46,25.5,43,57.14,58,25.63,44
230,Triebischtal,51.1486356,13.4591312,-,33.85,47,35.43,41,39.46,43,26.12,44,68.38,60,33.45,45
231,Oberspaar,51.1492912,13.49921,-,30.39,47,37.99,46,42.02,48,23.11,43,57.24,56,23.25,44
232,Klosterhäuser,51.1740793,13.4557629,-,29.15,51,37.56,46,41.59,48,26.72,45,63.49,64,26.86,46
233,Bad Gottleuba,50.851423,13.9445243,-,39.65,37,34.7,25,28.45,23,37.03,32,29.95,39,38.19,34
234,Feldschlößchen,51.1395588,13.9154813,-,17.09,26,44.54,38,48.57,40,29.64,34,14.71,18,19.75,32
235,Radeberg,51.1151413,13.9175257,-,14.79,23,23.73,41,23.77,40,19.45,34,13.98,18,17.45,29
236,Prossen,50.931162,14.1147956,-,38.27,63,46.45,53,40.2,50,48.78,59,29.27,48,49.94,61
237,Lauterbach,51.0683362,14.1128062,"Stolpen,Sachsen,Bundesrepublik Deutschland,Europe",27.59,40,44.27,42,38.02,39,46.6,48,19.15,23,30.07,46
238,Bühlau,51.087305,14.1048714,"Großharthau,Sachsen,Bundesrepublik Deutschland,Europe",26.95,39,44.67,42,38.41,40,47.0,49,18.5,22,29.43,44
239,Goldbach,51.1189075,14.1424585,"Bischofswerda,Sachsen,Bundesrepublik Deutschland,Europe",30.36,43,48.08,47,41.83,44,52.58,47,21.91,26,52.23,46
240,Birkigt,51.0112482,13.67759,-,10.64,24,3.1,6,12.99,20,6.21,14,21.69,43,9.18,21
241,Niederhäslich,50.9888388,13.6651092,-,14.28,29,6.15,12,11.46,18,9.64,21,23.97,43,12.81,26
242,Hainsberg,50.9835604,13.6326496,-,15.12,34,7.2,16,14.42,25,10.68,24,26.92,50,13.65,31
243,Deuben,50.9961024,13.6456544,-,13.49,30,5.57,11,13.24,21,9.05,20,25.75,47,12.03,27
244,Zauckerode,51.0174579,13.6396931,-,11.87,28,6.31,14,21.21,24,7.45,17,56.02,46,9.33,24
245,Schweinsdorf,50.9897462,13.6521772,-,15.55,32,6.3,14,12.74,21,9.79,22,25.24,46,14.09,29
246,Burgk,51.0024415,13.669471,-,11.37,24,3.44,6,13.22,20,6.93,14,22.32,43,9.9,21
247,Potschappel,51.0131482,13.662626,-,10.93,26,4.03,9,13.92,23,6.22,16,22.62,45,9.46,23
248,Somsdorf,50.9763786,13.6041243,-,17.93,41,10.0,23,18.05,31,13.49,32,32.23,57,16.46,38
249,Coßmannsdorf,50.9763653,13.6249545,-,16.14,37,8.22,19,16.31,26,11.71,27,30.5,52,14.68,34
250,Döhlen,51.0070347,13.6475354,-,11.94,28,5.17,10,14.06,24,7.23,19,24.05,47,10.47,26
251,Kleinzschachwitz,51.009631,13.854418,"Dresden,Sachsen,Bundesrepublik Deutschland,Europe",10.94,22,16.1,20,4.92,9,12.68,25,11.41,23,10.3,20
252,Kohlsdorf,51.031278,13.6341871,"Freital,Sachsen,Bundesrepublik Deutschland,Europe",12.4,26,7.94,18,19.26,21,9.25,18,53.38,41,9.83,21
253,Sachsenbergsiedlung,50.9809657,14.1285121,Hohnstein,36.58,53,42.07,47,35.81,44,44.39,53,28.13,37,45.55,55
254,Braunsdorf,51.0168066,13.5731578,-,21.52,34,17.21,23,21.24,25,14.34,26,56.04,47,14.91,30
255,Oberhermsdorf,51.019936,13.5906341,-,21.54,33,9.27,20,21.25,25,10.33,23,56.06,46,13.47,29
256,Dippoldiswalde,50.8950479,13.6633335,-,23.98,41,20.26,28,22.13,28,21.36,36,46.13,52,22.51,38
257,Waltersdorf,50.9496785,14.1071541,-,32.6,53,40.79,42,34.53,39,43.12,49,23.61,37,44.27,51
258,Fischergasse,51.1705519,13.4686898,-,27.47,47,35.88,43,39.91,45,25.04,42,61.56,60,25.18,43
259,Klostergut,51.1721838,13.4585254,-,28.23,51,36.64,46,40.67,48,25.8,45,63.59,64,25.94,46
260,Neudörfchen,51.152826,13.480133,-,25.2,42,35.7,38,39.73,40,22.77,37,68.65,57,22.91,38
261,Saalhausen,51.0112972,13.6161191,-,13.71,33,8.22,19,23.06,29,9.29,22,57.86,51,11.17,28
262,Rähnitz,51.1189656,13.7371476,-,9.51,20,28.26,27,32.29,29,13.36,23,36.99,31,9.55,22
263,Gommern,50.9801966,13.8443572,Heidenau,18.07,26,13.12,14,3.99,7,15.45,20,15.5,32,16.6,23
264,Mügeln,50.980018,13.8716349,Heidenau,13.63,27,14.91,18,5.78,11,17.23,24,15.56,30,12.98,25
265,Kleinsedlitz,50.9589817,13.8819169,Heidenau,25.01,32,20.06,21,8.06,15,22.39,27,21.96,32,23.55,29
266,Zehista,50.9372257,13.9245568,-,25.3,29,20.35,17,14.09,15,22.68,24,19.26,26,23.83,26
267,Mülbitz,51.280625,13.5298034,-,34.67,47,54.35,53,58.37,55,39.44,49,61.52,56,34.7,49
268,Zschieschen,51.2831179,13.5212774,-,35.43,48,55.11,55,59.14,56,40.21,51,62.29,57,35.47,50
269,Kötitz,51.1189743,13.57257,-,18.17,36,18.79,37,33.57,40,15.74,31,55.69,52,15.88,32
270,Neucoswig,51.1315615,13.5974731,-,16.93,38,31.71,42,35.74,44,16.99,38,48.38,49,16.64,37
271,Niedermeisa,51.1664801,13.4684959,-,27.4,47,35.81,42,39.84,44,24.97,42,61.85,61,25.11,43
272,Stenz,51.2657001,13.889241,-,31.06,43,49.42,49,53.44,51,34.51,45,40.24,44,34.16,45
273,Rottwerndorf,50.9246168,13.9620763,-,28.5,35,23.55,23,17.29,21,25.88,30,22.46,32,27.03,32
274,Löbsal,51.2275475,13.4340096,-,39.64,53,45.89,57,49.92,59,44.41,56,66.49,63,39.67,55
275,Triebischvorstadt,51.1613041,13.4734451,-,33.28,46,34.87,40,38.89,42,24.51,41,67.81,59,24.65,42
276,Görnische Vorstadt,51.1592519,13.4695369,-,32.85,45,34.43,39,38.46,41,25.12,42,67.37,58,32.45,43
277,Rauenthal,51.1585624,13.4614528,-,32.97,45,34.55,39,38.58,41,25.23,42,67.49,58,32.56,43
278,Kynastsiedlung,51.1612372,13.4516088,-,34.45,48,36.03,42,40.05,44,26.71,45,68.97,61,34.04,46
279,Lotzdorf,51.1278999,13.9072405,-,16.2,24,46.79,42,25.18,42,20.86,35,15.13,19,18.86,31
280,Stadtrandsiedlung,51.1282379,13.9541186,-,17.71,27,52.59,40,25.45,40,37.68,37,13.56,16,20.36,34
281,Ploschwitzer Höhe,50.9502493,13.8561418,-,22.4,28,17.45,16,11.2,13,19.78,22,22.95,30,20.94,25
282,Plossen,51.1561389,13.4753163,-,31.54,42,33.12,36,37.14,37,29.19,39,66.06,55,31.13,39
283,Neundorf,50.9168934,13.9798631,-,33.58,35,28.63,24,22.38,21,30.96,30,24.43,34,32.12,32
284,Vollung,51.1752598,14.0112097,Pulsnitz,33.84,36,52.19,43,56.22,44,37.29,39,22.55,26,36.94,38
285,Meißner Seite,51.1805494,14.0040247,Pulsnitz,32.82,32,51.17,39,55.2,40,36.27,35,21.53,22,35.92,34
286,Heidenau-Süd,50.97242,13.8786283,-,14.83,30,15.82,19,6.69,12,18.14,25,20.86,30,19.3,28
287,Dobra,51.013535,14.0277826,-,26.88,41,34.35,34,28.09,31,36.68,40,12.72,23,37.83,42
288,Augustusberg,50.8432304,13.9552134,-,37.84,40,32.9,28,26.64,26,35.23,35,31.81,41,36.38,37
289,Dölzschen,51.0263636,13.689257,-,7.75,20,4.54,11,13.05,23,3.16,9,18.36,41,5.92,17
290,Röderhäuser,51.1647262,14.0624279,-,36.21,34,54.56,40,58.59,42,39.66,36,25.6,25,39.31,35
