,name,geometry,id_str,Overlap_Distance
0,0,"POLYGON ((13.5 50.91, 13.524736842105263 50.91, 13.524736842105263 50.92526315789473, 13.5 50.92526315789473, 13.5 50.91))",0,1120
1,1,"POLYGON ((13.5 50.92526315789473, 13.524736842105263 50.92526315789473, 13.524736842105263 50.94052631578947, 13.5 50.94052631578947, 13.5 50.92526315789473))",1,1120
2,2,"POLYGON ((13.5 50.94052631578947, 13.524736842105263 50.94052631578947, 13.524736842105263 50.955789473684206, 13.5 50.955789473684206, 13.5 50.94052631578947))",2,1120
3,3,"POLYGON ((13.5 50.955789473684206, 13.524736842105263 50.955789473684206, 13.524736842105263 50.97105263157894, 13.5 50.97105263157894, 13.5 50.955789473684206))",3,1040
4,4,"POLYGON ((13.5 50.97105263157894, 13.524736842105263 50.97105263157894, 13.524736842105263 50.986315789473686, 13.5 50.986315789473686, 13.5 50.97105263157894))",4,1040
5,5,"POLYGON ((13.5 50.986315789473686, 13.524736842105263 50.986315789473686, 13.524736842105263 51.00157894736842, 13.5 51.00157894736842, 13.5 50.986315789473686))",5,1040
6,6,"POLYGON ((13.5 51.00157894736842, 13.524736842105263 51.00157894736842, 13.524736842105263 51.01684210526316, 13.5 51.01684210526316, 13.5 51.00157894736842))",6,800
7,7,"POLYGON ((13.5 51.01684210526316, 13.524736842105263 51.01684210526316, 13.524736842105263 51.032105263157895, 13.5 51.032105263157895, 13.5 51.01684210526316))",7,800
8,8,"POLYGON ((13.5 51.032105263157895, 13.524736842105263 51.032105263157895, 13.524736842105263 51.04736842105263, 13.5 51.04736842105263, 13.5 51.032105263157895))",8,880
9,9,"POLYGON ((13.5 51.04736842105263, 13.524736842105263 51.04736842105263, 13.524736842105263 51.06263157894737, 13.5 51.06263157894737, 13.5 51.04736842105263))",9,580
10,10,"POLYGON ((13.5 51.06263157894737, 13.524736842105263 51.06263157894737, 13.524736842105263 51.077894736842104, 13.5 51.077894736842104, 13.5 51.06263157894737))",10,820
11,11,"POLYGON ((13.5 51.077894736842104, 13.524736842105263 51.077894736842104, 13.524736842105263 51.09315789473684, 13.5 51.09315789473684, 13.5 51.077894736842104))",11,1120
12,12,"POLYGON ((13.5 51.09315789473684, 13.524736842105263 51.09315789473684, 13.524736842105263 51.10842105263158, 13.5 51.10842105263158, 13.5 51.09315789473684))",12,800
13,13,"POLYGON ((13.5 51.10842105263158, 13.524736842105263 51.10842105263158, 13.524736842105263 51.123684210526314, 13.5 51.123684210526314, 13.5 51.10842105263158))",13,800
14,14,"POLYGON ((13.5 51.123684210526314, 13.524736842105263 51.123684210526314, 13.524736842105263 51.13894736842106, 13.5 51.13894736842106, 13.5 51.123684210526314))",14,1120
15,15,"POLYGON ((13.5 51.13894736842106, 13.524736842105263 51.13894736842106, 13.524736842105263 51.154210526315794, 13.5 51.154210526315794, 13.5 51.13894736842106))",15,1120
16,16,"POLYGON ((13.5 51.154210526315794, 13.524736842105263 51.154210526315794, 13.524736842105263 51.16947368421053, 13.5 51.16947368421053, 13.5 51.154210526315794))",16,1120
17,17,"POLYGON ((13.5 51.16947368421053, 13.524736842105263 51.16947368421053, 13.524736842105263 51.184736842105266, 13.5 51.184736842105266, 13.5 51.16947368421053))",17,1120
18,18,"POLYGON ((13.5 51.184736842105266, 13.524736842105263 51.184736842105266, 13.524736842105263 51.2, 13.5 51.2, 13.5 51.184736842105266))",18,1120
19,19,"POLYGON ((13.524736842105263 50.91, 13.549473684210527 50.91, 13.549473684210527 50.92526315789473, 13.524736842105263 50.92526315789473, 13.524736842105263 50.91))",19,1120
20,20,"POLYGON ((13.524736842105263 50.92526315789473, 13.549473684210527 50.92526315789473, 13.549473684210527 50.94052631578947, 13.524736842105263 50.94052631578947, 13.524736842105263 50.92526315789473))",20,1120
21,21,"POLYGON ((13.524736842105263 50.94052631578947, 13.549473684210527 50.94052631578947, 13.549473684210527 50.955789473684206, 13.524736842105263 50.955789473684206, 13.524736842105263 50.94052631578947))",21,1120
22,22,"POLYGON ((13.524736842105263 50.955789473684206, 13.549473684210527 50.955789473684206, 13.549473684210527 50.97105263157894, 13.524736842105263 50.97105263157894, 13.524736842105263 50.955789473684206))",22,1040
23,23,"POLYGON ((13.524736842105263 50.97105263157894, 13.549473684210527 50.97105263157894, 13.549473684210527 50.986315789473686, 13.524736842105263 50.986315789473686, 13.524736842105263 50.97105263157894))",23,1040
24,24,"POLYGON ((13.524736842105263 50.986315789473686, 13.549473684210527 50.986315789473686, 13.549473684210527 51.00157894736842, 13.524736842105263 51.00157894736842, 13.524736842105263 50.986315789473686))",24,1040
25,25,"POLYGON ((13.524736842105263 51.00157894736842, 13.549473684210527 51.00157894736842, 13.549473684210527 51.01684210526316, 13.524736842105263 51.01684210526316, 13.524736842105263 51.00157894736842))",25,800
26,26,"POLYGON ((13.524736842105263 51.01684210526316, 13.549473684210527 51.01684210526316, 13.549473684210527 51.032105263157895, 13.524736842105263 51.032105263157895, 13.524736842105263 51.01684210526316))",26,800
27,27,"POLYGON ((13.524736842105263 51.032105263157895, 13.549473684210527 51.032105263157895, 13.549473684210527 51.04736842105263, 13.524736842105263 51.04736842105263, 13.524736842105263 51.032105263157895))",27,880
28,28,"POLYGON ((13.524736842105263 51.04736842105263, 13.549473684210527 51.04736842105263, 13.549473684210527 51.06263157894737, 13.524736842105263 51.06263157894737, 13.524736842105263 51.04736842105263))",28,520
29,29,"POLYGON ((13.524736842105263 51.06263157894737, 13.549473684210527 51.06263157894737, 13.549473684210527 51.077894736842104, 13.524736842105263 51.077894736842104, 13.524736842105263 51.06263157894737))",29,520
30,30,"POLYGON ((13.524736842105263 51.077894736842104, 13.549473684210527 51.077894736842104, 13.549473684210527 51.09315789473684, 13.524736842105263 51.09315789473684, 13.524736842105263 51.077894736842104))",30,880
31,31,"POLYGON ((13.524736842105263 51.09315789473684, 13.549473684210527 51.09315789473684, 13.549473684210527 51.10842105263158, 13.524736842105263 51.10842105263158, 13.524736842105263 51.09315789473684))",31,800
32,32,"POLYGON ((13.524736842105263 51.10842105263158, 13.549473684210527 51.10842105263158, 13.549473684210527 51.123684210526314, 13.524736842105263 51.123684210526314, 13.524736842105263 51.10842105263158))",32,1120
33,33,"POLYGON ((13.524736842105263 51.123684210526314, 13.549473684210527 51.123684210526314, 13.549473684210527 51.13894736842106, 13.524736842105263 51.13894736842106, 13.524736842105263 51.123684210526314))",33,1120
34,34,"POLYGON ((13.524736842105263 51.13894736842106, 13.549473684210527 51.13894736842106, 13.549473684210527 51.154210526315794, 13.524736842105263 51.154210526315794, 13.524736842105263 51.13894736842106))",34,1120
35,35,"POLYGON ((13.524736842105263 51.154210526315794, 13.549473684210527 51.154210526315794, 13.549473684210527 51.16947368421053, 13.524736842105263 51.16947368421053, 13.524736842105263 51.154210526315794))",35,1120
36,36,"POLYGON ((13.524736842105263 51.16947368421053, 13.549473684210527 51.16947368421053, 13.549473684210527 51.184736842105266, 13.524736842105263 51.184736842105266, 13.524736842105263 51.16947368421053))",36,1120
37,37,"POLYGON ((13.524736842105263 51.184736842105266, 13.549473684210527 51.184736842105266, 13.549473684210527 51.2, 13.524736842105263 51.2, 13.524736842105263 51.184736842105266))",37,1120
38,38,"POLYGON ((13.549473684210527 50.91, 13.57421052631579 50.91, 13.57421052631579 50.92526315789473, 13.549473684210527 50.92526315789473, 13.549473684210527 50.91))",38,1120
39,39,"POLYGON ((13.549473684210527 50.92526315789473, 13.57421052631579 50.92526315789473, 13.57421052631579 50.94052631578947, 13.549473684210527 50.94052631578947, 13.549473684210527 50.92526315789473))",39,1120
40,40,"POLYGON ((13.549473684210527 50.94052631578947, 13.57421052631579 50.94052631578947, 13.57421052631579 50.955789473684206, 13.549473684210527 50.955789473684206, 13.549473684210527 50.94052631578947))",40,1040
41,41,"POLYGON ((13.549473684210527 50.955789473684206, 13.57421052631579 50.955789473684206, 13.57421052631579 50.97105263157894, 13.549473684210527 50.97105263157894, 13.549473684210527 50.955789473684206))",41,1040
42,42,"POLYGON ((13.549473684210527 50.97105263157894, 13.57421052631579 50.97105263157894, 13.57421052631579 50.986315789473686, 13.549473684210527 50.986315789473686, 13.549473684210527 50.97105263157894))",42,1040
43,43,"POLYGON ((13.549473684210527 50.986315789473686, 13.57421052631579 50.986315789473686, 13.57421052631579 51.00157894736842, 13.549473684210527 51.00157894736842, 13.549473684210527 50.986315789473686))",43,800
44,44,"POLYGON ((13.549473684210527 51.00157894736842, 13.57421052631579 51.00157894736842, 13.57421052631579 51.01684210526316, 13.549473684210527 51.01684210526316, 13.549473684210527 51.00157894736842))",44,880
45,45,"POLYGON ((13.549473684210527 51.01684210526316, 13.57421052631579 51.01684210526316, 13.57421052631579 51.032105263157895, 13.549473684210527 51.032105263157895, 13.549473684210527 51.01684210526316))",45,780
46,46,"POLYGON ((13.549473684210527 51.032105263157895, 13.57421052631579 51.032105263157895, 13.57421052631579 51.04736842105263, 13.549473684210527 51.04736842105263, 13.549473684210527 51.032105263157895))",46,1020
47,47,"POLYGON ((13.549473684210527 51.04736842105263, 13.57421052631579 51.04736842105263, 13.57421052631579 51.06263157894737, 13.549473684210527 51.06263157894737, 13.549473684210527 51.04736842105263))",47,520
48,48,"POLYGON ((13.549473684210527 51.06263157894737, 13.57421052631579 51.06263157894737, 13.57421052631579 51.077894736842104, 13.549473684210527 51.077894736842104, 13.549473684210527 51.06263157894737))",48,520
49,49,"POLYGON ((13.549473684210527 51.077894736842104, 13.57421052631579 51.077894736842104, 13.57421052631579 51.09315789473684, 13.549473684210527 51.09315789473684, 13.549473684210527 51.077894736842104))",49,800
50,50,"POLYGON ((13.549473684210527 51.09315789473684, 13.57421052631579 51.09315789473684, 13.57421052631579 51.10842105263158, 13.549473684210527 51.10842105263158, 13.549473684210527 51.09315789473684))",50,1000
51,51,"POLYGON ((13.549473684210527 51.10842105263158, 13.57421052631579 51.10842105263158, 13.57421052631579 51.123684210526314, 13.549473684210527 51.123684210526314, 13.549473684210527 51.10842105263158))",51,1080
52,52,"POLYGON ((13.549473684210527 51.123684210526314, 13.57421052631579 51.123684210526314, 13.57421052631579 51.13894736842106, 13.549473684210527 51.13894736842106, 13.549473684210527 51.123684210526314))",52,1120
53,53,"POLYGON ((13.549473684210527 51.13894736842106, 13.57421052631579 51.13894736842106, 13.57421052631579 51.154210526315794, 13.549473684210527 51.154210526315794, 13.549473684210527 51.13894736842106))",53,1120
54,54,"POLYGON ((13.549473684210527 51.154210526315794, 13.57421052631579 51.154210526315794, 13.57421052631579 51.16947368421053, 13.549473684210527 51.16947368421053, 13.549473684210527 51.154210526315794))",54,1120
55,55,"POLYGON ((13.549473684210527 51.16947368421053, 13.57421052631579 51.16947368421053, 13.57421052631579 51.184736842105266, 13.549473684210527 51.184736842105266, 13.549473684210527 51.16947368421053))",55,1120
56,56,"POLYGON ((13.549473684210527 51.184736842105266, 13.57421052631579 51.184736842105266, 13.57421052631579 51.2, 13.549473684210527 51.2, 13.549473684210527 51.184736842105266))",56,1120
57,57,"POLYGON ((13.57421052631579 50.91, 13.598947368421053 50.91, 13.598947368421053 50.92526315789473, 13.57421052631579 50.92526315789473, 13.57421052631579 50.91))",57,1120
58,58,"POLYGON ((13.57421052631579 50.92526315789473, 13.598947368421053 50.92526315789473, 13.598947368421053 50.94052631578947, 13.57421052631579 50.94052631578947, 13.57421052631579 50.92526315789473))",58,840
59,59,"POLYGON ((13.57421052631579 50.94052631578947, 13.598947368421053 50.94052631578947, 13.598947368421053 50.955789473684206, 13.57421052631579 50.955789473684206, 13.57421052631579 50.94052631578947))",59,1040
60,60,"POLYGON ((13.57421052631579 50.955789473684206, 13.598947368421053 50.955789473684206, 13.598947368421053 50.97105263157894, 13.57421052631579 50.97105263157894, 13.57421052631579 50.955789473684206))",60,1040
61,61,"POLYGON ((13.57421052631579 50.97105263157894, 13.598947368421053 50.97105263157894, 13.598947368421053 50.986315789473686, 13.57421052631579 50.986315789473686, 13.57421052631579 50.97105263157894))",61,780
62,62,"POLYGON ((13.57421052631579 50.986315789473686, 13.598947368421053 50.986315789473686, 13.598947368421053 51.00157894736842, 13.57421052631579 51.00157894736842, 13.57421052631579 50.986315789473686))",62,780
63,63,"POLYGON ((13.57421052631579 51.00157894736842, 13.598947368421053 51.00157894736842, 13.598947368421053 51.01684210526316, 13.57421052631579 51.01684210526316, 13.57421052631579 51.00157894736842))",63,780
64,64,"POLYGON ((13.57421052631579 51.01684210526316, 13.598947368421053 51.01684210526316, 13.598947368421053 51.032105263157895, 13.57421052631579 51.032105263157895, 13.57421052631579 51.01684210526316))",64,720
65,65,"POLYGON ((13.57421052631579 51.032105263157895, 13.598947368421053 51.032105263157895, 13.598947368421053 51.04736842105263, 13.57421052631579 51.04736842105263, 13.57421052631579 51.032105263157895))",65,520
66,66,"POLYGON ((13.57421052631579 51.04736842105263, 13.598947368421053 51.04736842105263, 13.598947368421053 51.06263157894737, 13.57421052631579 51.06263157894737, 13.57421052631579 51.04736842105263))",66,520
67,67,"POLYGON ((13.57421052631579 51.06263157894737, 13.598947368421053 51.06263157894737, 13.598947368421053 51.077894736842104, 13.57421052631579 51.077894736842104, 13.57421052631579 51.06263157894737))",67,520
68,68,"POLYGON ((13.57421052631579 51.077894736842104, 13.598947368421053 51.077894736842104, 13.598947368421053 51.09315789473684, 13.57421052631579 51.09315789473684, 13.57421052631579 51.077894736842104))",68,840
69,69,"POLYGON ((13.57421052631579 51.09315789473684, 13.598947368421053 51.09315789473684, 13.598947368421053 51.10842105263158, 13.57421052631579 51.10842105263158, 13.57421052631579 51.09315789473684))",69,1040
70,70,"POLYGON ((13.57421052631579 51.10842105263158, 13.598947368421053 51.10842105263158, 13.598947368421053 51.123684210526314, 13.57421052631579 51.123684210526314, 13.57421052631579 51.10842105263158))",70,1080
71,71,"POLYGON ((13.57421052631579 51.123684210526314, 13.598947368421053 51.123684210526314, 13.598947368421053 51.13894736842106, 13.57421052631579 51.13894736842106, 13.57421052631579 51.123684210526314))",71,1120
72,72,"POLYGON ((13.57421052631579 51.13894736842106, 13.598947368421053 51.13894736842106, 13.598947368421053 51.154210526315794, 13.57421052631579 51.154210526315794, 13.57421052631579 51.13894736842106))",72,1120
73,73,"POLYGON ((13.57421052631579 51.154210526315794, 13.598947368421053 51.154210526315794, 13.598947368421053 51.16947368421053, 13.57421052631579 51.16947368421053, 13.57421052631579 51.154210526315794))",73,1120
74,74,"POLYGON ((13.57421052631579 51.16947368421053, 13.598947368421053 51.16947368421053, 13.598947368421053 51.184736842105266, 13.57421052631579 51.184736842105266, 13.57421052631579 51.16947368421053))",74,1120
75,75,"POLYGON ((13.57421052631579 51.184736842105266, 13.598947368421053 51.184736842105266, 13.598947368421053 51.2, 13.57421052631579 51.2, 13.57421052631579 51.184736842105266))",75,1120
76,76,"POLYGON ((13.598947368421053 50.91, 13.623684210526315 50.91, 13.623684210526315 50.92526315789473, 13.598947368421053 50.92526315789473, 13.598947368421053 50.91))",76,840
77,77,"POLYGON ((13.598947368421053 50.92526315789473, 13.623684210526315 50.92526315789473, 13.623684210526315 50.94052631578947, 13.598947368421053 50.94052631578947, 13.598947368421053 50.92526315789473))",77,840
78,78,"POLYGON ((13.598947368421053 50.94052631578947, 13.623684210526315 50.94052631578947, 13.623684210526315 50.955789473684206, 13.598947368421053 50.955789473684206, 13.598947368421053 50.94052631578947))",78,920
79,79,"POLYGON ((13.598947368421053 50.955789473684206, 13.623684210526315 50.955789473684206, 13.623684210526315 50.97105263157894, 13.598947368421053 50.97105263157894, 13.598947368421053 50.955789473684206))",79,880
80,80,"POLYGON ((13.598947368421053 50.97105263157894, 13.623684210526315 50.97105263157894, 13.623684210526315 50.986315789473686, 13.598947368421053 50.986315789473686, 13.598947368421053 50.97105263157894))",80,780
81,81,"POLYGON ((13.598947368421053 50.986315789473686, 13.623684210526315 50.986315789473686, 13.623684210526315 51.00157894736842, 13.598947368421053 51.00157894736842, 13.598947368421053 50.986315789473686))",81,810
82,82,"POLYGON ((13.598947368421053 51.00157894736842, 13.623684210526315 51.00157894736842, 13.623684210526315 51.01684210526316, 13.598947368421053 51.01684210526316, 13.598947368421053 51.00157894736842))",82,1010
83,83,"POLYGON ((13.598947368421053 51.01684210526316, 13.623684210526315 51.01684210526316, 13.623684210526315 51.032105263157895, 13.598947368421053 51.032105263157895, 13.598947368421053 51.01684210526316))",83,520
84,84,"POLYGON ((13.598947368421053 51.032105263157895, 13.623684210526315 51.032105263157895, 13.623684210526315 51.04736842105263, 13.598947368421053 51.04736842105263, 13.598947368421053 51.032105263157895))",84,445
85,85,"POLYGON ((13.598947368421053 51.04736842105263, 13.623684210526315 51.04736842105263, 13.623684210526315 51.06263157894737, 13.598947368421053 51.06263157894737, 13.598947368421053 51.04736842105263))",85,470
86,86,"POLYGON ((13.598947368421053 51.06263157894737, 13.623684210526315 51.06263157894737, 13.623684210526315 51.077894736842104, 13.598947368421053 51.077894736842104, 13.598947368421053 51.06263157894737))",86,470
87,87,"POLYGON ((13.598947368421053 51.077894736842104, 13.623684210526315 51.077894736842104, 13.623684210526315 51.09315789473684, 13.598947368421053 51.09315789473684, 13.598947368421053 51.077894736842104))",87,790
88,88,"POLYGON ((13.598947368421053 51.09315789473684, 13.623684210526315 51.09315789473684, 13.623684210526315 51.10842105263158, 13.598947368421053 51.10842105263158, 13.598947368421053 51.09315789473684))",88,1040
89,89,"POLYGON ((13.598947368421053 51.10842105263158, 13.623684210526315 51.10842105263158, 13.623684210526315 51.123684210526314, 13.598947368421053 51.123684210526314, 13.598947368421053 51.10842105263158))",89,1080
90,90,"POLYGON ((13.598947368421053 51.123684210526314, 13.623684210526315 51.123684210526314, 13.623684210526315 51.13894736842106, 13.598947368421053 51.13894736842106, 13.598947368421053 51.123684210526314))",90,1080
91,91,"POLYGON ((13.598947368421053 51.13894736842106, 13.623684210526315 51.13894736842106, 13.623684210526315 51.154210526315794, 13.598947368421053 51.154210526315794, 13.598947368421053 51.13894736842106))",91,1120
92,92,"POLYGON ((13.598947368421053 51.154210526315794, 13.623684210526315 51.154210526315794, 13.623684210526315 51.16947368421053, 13.598947368421053 51.16947368421053, 13.598947368421053 51.154210526315794))",92,920
93,93,"POLYGON ((13.598947368421053 51.16947368421053, 13.623684210526315 51.16947368421053, 13.623684210526315 51.184736842105266, 13.598947368421053 51.184736842105266, 13.598947368421053 51.16947368421053))",93,1120
94,94,"POLYGON ((13.598947368421053 51.184736842105266, 13.623684210526315 51.184736842105266, 13.623684210526315 51.2, 13.598947368421053 51.2, 13.598947368421053 51.184736842105266))",94,1120
95,95,"POLYGON ((13.623684210526315 50.91, 13.64842105263158 50.91, 13.64842105263158 50.92526315789473, 13.623684210526315 50.92526315789473, 13.623684210526315 50.91))",95,840
96,96,"POLYGON ((13.623684210526315 50.92526315789473, 13.64842105263158 50.92526315789473, 13.64842105263158 50.94052631578947, 13.623684210526315 50.94052631578947, 13.623684210526315 50.92526315789473))",96,840
97,97,"POLYGON ((13.623684210526315 50.94052631578947, 13.64842105263158 50.94052631578947, 13.64842105263158 50.955789473684206, 13.623684210526315 50.955789473684206, 13.623684210526315 50.94052631578947))",97,1120
98,98,"POLYGON ((13.623684210526315 50.955789473684206, 13.64842105263158 50.955789473684206, 13.64842105263158 50.97105263157894, 13.623684210526315 50.97105263157894, 13.623684210526315 50.955789473684206))",98,980
99,99,"POLYGON ((13.623684210526315 50.97105263157894, 13.64842105263158 50.97105263157894, 13.64842105263158 50.986315789473686, 13.623684210526315 50.986315789473686, 13.623684210526315 50.97105263157894))",99,1010
100,100,"POLYGON ((13.623684210526315 50.986315789473686, 13.64842105263158 50.986315789473686, 13.64842105263158 51.00157894736842, 13.623684210526315 51.00157894736842, 13.623684210526315 50.986315789473686))",100,960
101,101,"POLYGON ((13.623684210526315 51.00157894736842, 13.64842105263158 51.00157894736842, 13.64842105263158 51.01684210526316, 13.623684210526315 51.01684210526316, 13.623684210526315 51.00157894736842))",101,960
102,102,"POLYGON ((13.623684210526315 51.01684210526316, 13.64842105263158 51.01684210526316, 13.64842105263158 51.032105263157895, 13.623684210526315 51.032105263157895, 13.623684210526315 51.01684210526316))",102,505
103,103,"POLYGON ((13.623684210526315 51.032105263157895, 13.64842105263158 51.032105263157895, 13.64842105263158 51.04736842105263, 13.623684210526315 51.04736842105263, 13.623684210526315 51.032105263157895))",103,440
104,104,"POLYGON ((13.623684210526315 51.04736842105263, 13.64842105263158 51.04736842105263, 13.64842105263158 51.06263157894737, 13.623684210526315 51.06263157894737, 13.623684210526315 51.04736842105263))",104,1120
105,105,"POLYGON ((13.623684210526315 51.06263157894737, 13.64842105263158 51.06263157894737, 13.64842105263158 51.077894736842104, 13.623684210526315 51.077894736842104, 13.623684210526315 51.06263157894737))",105,480
106,106,"POLYGON ((13.623684210526315 51.077894736842104, 13.64842105263158 51.077894736842104, 13.64842105263158 51.09315789473684, 13.623684210526315 51.09315789473684, 13.623684210526315 51.077894736842104))",106,590
107,107,"POLYGON ((13.623684210526315 51.09315789473684, 13.64842105263158 51.09315789473684, 13.64842105263158 51.10842105263158, 13.623684210526315 51.10842105263158, 13.623684210526315 51.09315789473684))",107,590
108,108,"POLYGON ((13.623684210526315 51.10842105263158, 13.64842105263158 51.10842105263158, 13.64842105263158 51.123684210526314, 13.623684210526315 51.123684210526314, 13.623684210526315 51.10842105263158))",108,920
109,109,"POLYGON ((13.623684210526315 51.123684210526314, 13.64842105263158 51.123684210526314, 13.64842105263158 51.13894736842106, 13.623684210526315 51.13894736842106, 13.623684210526315 51.123684210526314))",109,880
110,110,"POLYGON ((13.623684210526315 51.13894736842106, 13.64842105263158 51.13894736842106, 13.64842105263158 51.154210526315794, 13.623684210526315 51.154210526315794, 13.623684210526315 51.13894736842106))",110,880
111,111,"POLYGON ((13.623684210526315 51.154210526315794, 13.64842105263158 51.154210526315794, 13.64842105263158 51.16947368421053, 13.623684210526315 51.16947368421053, 13.623684210526315 51.154210526315794))",111,880
112,112,"POLYGON ((13.623684210526315 51.16947368421053, 13.64842105263158 51.16947368421053, 13.64842105263158 51.184736842105266, 13.623684210526315 51.184736842105266, 13.623684210526315 51.16947368421053))",112,1120
113,113,"POLYGON ((13.623684210526315 51.184736842105266, 13.64842105263158 51.184736842105266, 13.64842105263158 51.2, 13.623684210526315 51.2, 13.623684210526315 51.184736842105266))",113,1120
114,114,"POLYGON ((13.64842105263158 50.91, 13.673157894736843 50.91, 13.673157894736843 50.92526315789473, 13.64842105263158 50.92526315789473, 13.64842105263158 50.91))",114,840
115,115,"POLYGON ((13.64842105263158 50.92526315789473, 13.673157894736843 50.92526315789473, 13.673157894736843 50.94052631578947, 13.64842105263158 50.94052631578947, 13.64842105263158 50.92526315789473))",115,980
116,116,"POLYGON ((13.64842105263158 50.94052631578947, 13.673157894736843 50.94052631578947, 13.673157894736843 50.955789473684206, 13.64842105263158 50.955789473684206, 13.64842105263158 50.94052631578947))",116,730
117,117,"POLYGON ((13.64842105263158 50.955789473684206, 13.673157894736843 50.955789473684206, 13.673157894736843 50.97105263157894, 13.64842105263158 50.97105263157894, 13.64842105263158 50.955789473684206))",117,730
118,118,"POLYGON ((13.64842105263158 50.97105263157894, 13.673157894736843 50.97105263157894, 13.673157894736843 50.986315789473686, 13.64842105263158 50.986315789473686, 13.64842105263158 50.97105263157894))",118,520
119,119,"POLYGON ((13.64842105263158 50.986315789473686, 13.673157894736843 50.986315789473686, 13.673157894736843 51.00157894736842, 13.64842105263158 51.00157894736842, 13.64842105263158 50.986315789473686))",119,465
120,120,"POLYGON ((13.64842105263158 51.00157894736842, 13.673157894736843 51.00157894736842, 13.673157894736843 51.01684210526316, 13.64842105263158 51.01684210526316, 13.64842105263158 51.00157894736842))",120,575
121,121,"POLYGON ((13.64842105263158 51.01684210526316, 13.673157894736843 51.01684210526316, 13.673157894736843 51.032105263157895, 13.64842105263158 51.032105263157895, 13.64842105263158 51.01684210526316))",121,550
122,122,"POLYGON ((13.64842105263158 51.032105263157895, 13.673157894736843 51.032105263157895, 13.673157894736843 51.04736842105263, 13.64842105263158 51.04736842105263, 13.64842105263158 51.032105263157895))",122,640
123,123,"POLYGON ((13.64842105263158 51.04736842105263, 13.673157894736843 51.04736842105263, 13.673157894736843 51.06263157894737, 13.64842105263158 51.06263157894737, 13.64842105263158 51.04736842105263))",123,815
124,124,"POLYGON ((13.64842105263158 51.06263157894737, 13.673157894736843 51.06263157894737, 13.673157894736843 51.077894736842104, 13.64842105263158 51.077894736842104, 13.64842105263158 51.06263157894737))",124,675
125,125,"POLYGON ((13.64842105263158 51.077894736842104, 13.673157894736843 51.077894736842104, 13.673157894736843 51.09315789473684, 13.64842105263158 51.09315789473684, 13.64842105263158 51.077894736842104))",125,1025
126,126,"POLYGON ((13.64842105263158 51.09315789473684, 13.673157894736843 51.09315789473684, 13.673157894736843 51.10842105263158, 13.64842105263158 51.10842105263158, 13.64842105263158 51.09315789473684))",126,750
127,127,"POLYGON ((13.64842105263158 51.10842105263158, 13.673157894736843 51.10842105263158, 13.673157894736843 51.123684210526314, 13.64842105263158 51.123684210526314, 13.64842105263158 51.10842105263158))",127,800
128,128,"POLYGON ((13.64842105263158 51.123684210526314, 13.673157894736843 51.123684210526314, 13.673157894736843 51.13894736842106, 13.64842105263158 51.13894736842106, 13.64842105263158 51.123684210526314))",128,800
129,129,"POLYGON ((13.64842105263158 51.13894736842106, 13.673157894736843 51.13894736842106, 13.673157894736843 51.154210526315794, 13.64842105263158 51.154210526315794, 13.64842105263158 51.13894736842106))",129,880
130,130,"POLYGON ((13.64842105263158 51.154210526315794, 13.673157894736843 51.154210526315794, 13.673157894736843 51.16947368421053, 13.64842105263158 51.16947368421053, 13.64842105263158 51.154210526315794))",130,880
131,131,"POLYGON ((13.64842105263158 51.16947368421053, 13.673157894736843 51.16947368421053, 13.673157894736843 51.184736842105266, 13.64842105263158 51.184736842105266, 13.64842105263158 51.16947368421053))",131,1120
132,132,"POLYGON ((13.64842105263158 51.184736842105266, 13.673157894736843 51.184736842105266, 13.673157894736843 51.2, 13.64842105263158 51.2, 13.64842105263158 51.184736842105266))",132,1120
133,133,"POLYGON ((13.673157894736843 50.91, 13.697894736842105 50.91, 13.697894736842105 50.92526315789473, 13.673157894736843 50.92526315789473, 13.673157894736843 50.91))",133,1120
134,134,"POLYGON ((13.673157894736843 50.92526315789473, 13.697894736842105 50.92526315789473, 13.697894736842105 50.94052631578947, 13.673157894736843 50.94052631578947, 13.673157894736843 50.92526315789473))",134,730
135,135,"POLYGON ((13.673157894736843 50.94052631578947, 13.697894736842105 50.94052631578947, 13.697894736842105 50.955789473684206, 13.673157894736843 50.955789473684206, 13.673157894736843 50.94052631578947))",135,530
136,136,"POLYGON ((13.673157894736843 50.955789473684206, 13.697894736842105 50.955789473684206, 13.697894736842105 50.97105263157894, 13.673157894736843 50.97105263157894, 13.673157894736843 50.955789473684206))",136,520
137,137,"POLYGON ((13.673157894736843 50.97105263157894, 13.697894736842105 50.97105263157894, 13.697894736842105 50.986315789473686, 13.673157894736843 50.986315789473686, 13.673157894736843 50.97105263157894))",137,445
138,138,"POLYGON ((13.673157894736843 50.986315789473686, 13.697894736842105 50.986315789473686, 13.697894736842105 51.00157894736842, 13.673157894736843 51.00157894736842, 13.673157894736843 50.986315789473686))",138,790
139,139,"POLYGON ((13.673157894736843 51.00157894736842, 13.697894736842105 51.00157894736842, 13.697894736842105 51.01684210526316, 13.673157894736843 51.01684210526316, 13.673157894736843 51.00157894736842))",139,790
140,140,"POLYGON ((13.673157894736843 51.01684210526316, 13.697894736842105 51.01684210526316, 13.697894736842105 51.032105263157895, 13.673157894736843 51.032105263157895, 13.673157894736843 51.01684210526316))",140,805
141,141,"POLYGON ((13.673157894736843 51.032105263157895, 13.697894736842105 51.032105263157895, 13.697894736842105 51.04736842105263, 13.673157894736843 51.04736842105263, 13.673157894736843 51.032105263157895))",141,510
142,142,"POLYGON ((13.673157894736843 51.04736842105263, 13.697894736842105 51.04736842105263, 13.697894736842105 51.06263157894737, 13.673157894736843 51.06263157894737, 13.673157894736843 51.04736842105263))",142,760
143,143,"POLYGON ((13.673157894736843 51.06263157894737, 13.697894736842105 51.06263157894737, 13.697894736842105 51.077894736842104, 13.673157894736843 51.077894736842104, 13.673157894736843 51.06263157894737))",143,455
144,144,"POLYGON ((13.673157894736843 51.077894736842104, 13.697894736842105 51.077894736842104, 13.697894736842105 51.09315789473684, 13.673157894736843 51.09315789473684, 13.673157894736843 51.077894736842104))",144,715
145,145,"POLYGON ((13.673157894736843 51.09315789473684, 13.697894736842105 51.09315789473684, 13.697894736842105 51.10842105263158, 13.673157894736843 51.10842105263158, 13.673157894736843 51.09315789473684))",145,515
146,146,"POLYGON ((13.673157894736843 51.10842105263158, 13.697894736842105 51.10842105263158, 13.697894736842105 51.123684210526314, 13.673157894736843 51.123684210526314, 13.673157894736843 51.10842105263158))",146,830
147,147,"POLYGON ((13.673157894736843 51.123684210526314, 13.697894736842105 51.123684210526314, 13.697894736842105 51.13894736842106, 13.673157894736843 51.13894736842106, 13.673157894736843 51.123684210526314))",147,800
148,148,"POLYGON ((13.673157894736843 51.13894736842106, 13.697894736842105 51.13894736842106, 13.697894736842105 51.154210526315794, 13.673157894736843 51.154210526315794, 13.673157894736843 51.13894736842106))",148,800
149,149,"POLYGON ((13.673157894736843 51.154210526315794, 13.697894736842105 51.154210526315794, 13.697894736842105 51.16947368421053, 13.673157894736843 51.16947368421053, 13.673157894736843 51.154210526315794))",149,880
150,150,"POLYGON ((13.673157894736843 51.16947368421053, 13.697894736842105 51.16947368421053, 13.697894736842105 51.184736842105266, 13.673157894736843 51.184736842105266, 13.673157894736843 51.16947368421053))",150,880
151,151,"POLYGON ((13.673157894736843 51.184736842105266, 13.697894736842105 51.184736842105266, 13.697894736842105 51.2, 13.673157894736843 51.2, 13.673157894736843 51.184736842105266))",151,880
152,152,"POLYGON ((13.697894736842105 50.91, 13.722631578947368 50.91, 13.722631578947368 50.92526315789473, 13.697894736842105 50.92526315789473, 13.697894736842105 50.91))",152,830
153,153,"POLYGON ((13.697894736842105 50.92526315789473, 13.722631578947368 50.92526315789473, 13.722631578947368 50.94052631578947, 13.697894736842105 50.94052631578947, 13.697894736842105 50.92526315789473))",153,730
154,154,"POLYGON ((13.697894736842105 50.94052631578947, 13.722631578947368 50.94052631578947, 13.722631578947368 50.955789473684206, 13.697894736842105 50.955789473684206, 13.697894736842105 50.94052631578947))",154,630
155,155,"POLYGON ((13.697894736842105 50.955789473684206, 13.722631578947368 50.955789473684206, 13.722631578947368 50.97105263157894, 13.697894736842105 50.97105263157894, 13.697894736842105 50.955789473684206))",155,495
156,156,"POLYGON ((13.697894736842105 50.97105263157894, 13.722631578947368 50.97105263157894, 13.722631578947368 50.986315789473686, 13.697894736842105 50.986315789473686, 13.697894736842105 50.97105263157894))",156,795
157,157,"POLYGON ((13.697894736842105 50.986315789473686, 13.722631578947368 50.986315789473686, 13.722631578947368 51.00157894736842, 13.697894736842105 51.00157894736842, 13.697894736842105 50.986315789473686))",157,790
158,158,"POLYGON ((13.697894736842105 51.00157894736842, 13.722631578947368 51.00157894736842, 13.722631578947368 51.01684210526316, 13.697894736842105 51.01684210526316, 13.697894736842105 51.00157894736842))",158,765
159,159,"POLYGON ((13.697894736842105 51.01684210526316, 13.722631578947368 51.01684210526316, 13.722631578947368 51.032105263157895, 13.697894736842105 51.032105263157895, 13.697894736842105 51.01684210526316))",159,545
160,160,"POLYGON ((13.697894736842105 51.032105263157895, 13.722631578947368 51.032105263157895, 13.722631578947368 51.04736842105263, 13.697894736842105 51.04736842105263, 13.697894736842105 51.032105263157895))",160,520
161,161,"POLYGON ((13.697894736842105 51.04736842105263, 13.722631578947368 51.04736842105263, 13.722631578947368 51.06263157894737, 13.697894736842105 51.06263157894737, 13.697894736842105 51.04736842105263))",161,355
162,162,"POLYGON ((13.697894736842105 51.06263157894737, 13.722631578947368 51.06263157894737, 13.722631578947368 51.077894736842104, 13.697894736842105 51.077894736842104, 13.697894736842105 51.06263157894737))",162,560
163,163,"POLYGON ((13.697894736842105 51.077894736842104, 13.722631578947368 51.077894736842104, 13.722631578947368 51.09315789473684, 13.697894736842105 51.09315789473684, 13.697894736842105 51.077894736842104))",163,560
164,164,"POLYGON ((13.697894736842105 51.09315789473684, 13.722631578947368 51.09315789473684, 13.722631578947368 51.10842105263158, 13.697894736842105 51.10842105263158, 13.697894736842105 51.09315789473684))",164,610
165,165,"POLYGON ((13.697894736842105 51.10842105263158, 13.722631578947368 51.10842105263158, 13.722631578947368 51.123684210526314, 13.697894736842105 51.123684210526314, 13.697894736842105 51.10842105263158))",165,620
166,166,"POLYGON ((13.697894736842105 51.123684210526314, 13.722631578947368 51.123684210526314, 13.722631578947368 51.13894736842106, 13.697894736842105 51.13894736842106, 13.697894736842105 51.123684210526314))",166,800
167,167,"POLYGON ((13.697894736842105 51.13894736842106, 13.722631578947368 51.13894736842106, 13.722631578947368 51.154210526315794, 13.697894736842105 51.154210526315794, 13.697894736842105 51.13894736842106))",167,800
168,168,"POLYGON ((13.697894736842105 51.154210526315794, 13.722631578947368 51.154210526315794, 13.722631578947368 51.16947368421053, 13.697894736842105 51.16947368421053, 13.697894736842105 51.154210526315794))",168,760
169,169,"POLYGON ((13.697894736842105 51.16947368421053, 13.722631578947368 51.16947368421053, 13.722631578947368 51.184736842105266, 13.697894736842105 51.184736842105266, 13.697894736842105 51.16947368421053))",169,800
170,170,"POLYGON ((13.697894736842105 51.184736842105266, 13.722631578947368 51.184736842105266, 13.722631578947368 51.2, 13.697894736842105 51.2, 13.697894736842105 51.184736842105266))",170,880
171,171,"POLYGON ((13.722631578947368 50.91, 13.747368421052633 50.91, 13.747368421052633 50.92526315789473, 13.722631578947368 50.92526315789473, 13.722631578947368 50.91))",171,830
172,172,"POLYGON ((13.722631578947368 50.92526315789473, 13.747368421052633 50.92526315789473, 13.747368421052633 50.94052631578947, 13.722631578947368 50.94052631578947, 13.722631578947368 50.92526315789473))",172,770
173,173,"POLYGON ((13.722631578947368 50.94052631578947, 13.747368421052633 50.94052631578947, 13.747368421052633 50.955789473684206, 13.722631578947368 50.955789473684206, 13.722631578947368 50.94052631578947))",173,505
174,174,"POLYGON ((13.722631578947368 50.955789473684206, 13.747368421052633 50.955789473684206, 13.747368421052633 50.97105263157894, 13.722631578947368 50.97105263157894, 13.722631578947368 50.955789473684206))",174,495
175,175,"POLYGON ((13.722631578947368 50.97105263157894, 13.747368421052633 50.97105263157894, 13.747368421052633 50.986315789473686, 13.722631578947368 50.986315789473686, 13.722631578947368 50.97105263157894))",175,385
176,176,"POLYGON ((13.722631578947368 50.986315789473686, 13.747368421052633 50.986315789473686, 13.747368421052633 51.00157894736842, 13.722631578947368 51.00157894736842, 13.722631578947368 50.986315789473686))",176,765
177,177,"POLYGON ((13.722631578947368 51.00157894736842, 13.747368421052633 51.00157894736842, 13.747368421052633 51.01684210526316, 13.722631578947368 51.01684210526316, 13.722631578947368 51.00157894736842))",177,685
178,178,"POLYGON ((13.722631578947368 51.01684210526316, 13.747368421052633 51.01684210526316, 13.747368421052633 51.032105263157895, 13.722631578947368 51.032105263157895, 13.722631578947368 51.01684210526316))",178,710
179,179,"POLYGON ((13.722631578947368 51.032105263157895, 13.747368421052633 51.032105263157895, 13.747368421052633 51.04736842105263, 13.722631578947368 51.04736842105263, 13.722631578947368 51.032105263157895))",179,435
180,180,"POLYGON ((13.722631578947368 51.04736842105263, 13.747368421052633 51.04736842105263, 13.747368421052633 51.06263157894737, 13.722631578947368 51.06263157894737, 13.722631578947368 51.04736842105263))",180,625
181,181,"POLYGON ((13.722631578947368 51.06263157894737, 13.747368421052633 51.06263157894737, 13.747368421052633 51.077894736842104, 13.722631578947368 51.077894736842104, 13.722631578947368 51.06263157894737))",181,555
182,182,"POLYGON ((13.722631578947368 51.077894736842104, 13.747368421052633 51.077894736842104, 13.747368421052633 51.09315789473684, 13.722631578947368 51.09315789473684, 13.722631578947368 51.077894736842104))",182,460
183,183,"POLYGON ((13.722631578947368 51.09315789473684, 13.747368421052633 51.09315789473684, 13.747368421052633 51.10842105263158, 13.722631578947368 51.10842105263158, 13.722631578947368 51.09315789473684))",183,465
184,184,"POLYGON ((13.722631578947368 51.10842105263158, 13.747368421052633 51.10842105263158, 13.747368421052633 51.123684210526314, 13.722631578947368 51.123684210526314, 13.722631578947368 51.10842105263158))",184,540
185,185,"POLYGON ((13.722631578947368 51.123684210526314, 13.747368421052633 51.123684210526314, 13.747368421052633 51.13894736842106, 13.722631578947368 51.13894736842106, 13.722631578947368 51.123684210526314))",185,740
186,186,"POLYGON ((13.722631578947368 51.13894736842106, 13.747368421052633 51.13894736842106, 13.747368421052633 51.154210526315794, 13.722631578947368 51.154210526315794, 13.722631578947368 51.13894736842106))",186,420
187,187,"POLYGON ((13.722631578947368 51.154210526315794, 13.747368421052633 51.154210526315794, 13.747368421052633 51.16947368421053, 13.722631578947368 51.16947368421053, 13.722631578947368 51.154210526315794))",187,670
188,188,"POLYGON ((13.722631578947368 51.16947368421053, 13.747368421052633 51.16947368421053, 13.747368421052633 51.184736842105266, 13.722631578947368 51.184736842105266, 13.722631578947368 51.16947368421053))",188,720
189,189,"POLYGON ((13.722631578947368 51.184736842105266, 13.747368421052633 51.184736842105266, 13.747368421052633 51.2, 13.722631578947368 51.2, 13.722631578947368 51.184736842105266))",189,480
190,190,"POLYGON ((13.747368421052633 50.91, 13.772105263157895 50.91, 13.772105263157895 50.92526315789473, 13.747368421052633 50.92526315789473, 13.747368421052633 50.91))",190,505
191,191,"POLYGON ((13.747368421052633 50.92526315789473, 13.772105263157895 50.92526315789473, 13.772105263157895 50.94052631578947, 13.747368421052633 50.94052631578947, 13.747368421052633 50.92526315789473))",191,505
192,192,"POLYGON ((13.747368421052633 50.94052631578947, 13.772105263157895 50.94052631578947, 13.772105263157895 50.955789473684206, 13.747368421052633 50.955789473684206, 13.747368421052633 50.94052631578947))",192,505
193,193,"POLYGON ((13.747368421052633 50.955789473684206, 13.772105263157895 50.955789473684206, 13.772105263157895 50.97105263157894, 13.747368421052633 50.97105263157894, 13.747368421052633 50.955789473684206))",193,735
194,194,"POLYGON ((13.747368421052633 50.97105263157894, 13.772105263157895 50.97105263157894, 13.772105263157895 50.986315789473686, 13.747368421052633 50.986315789473686, 13.747368421052633 50.97105263157894))",194,660
195,195,"POLYGON ((13.747368421052633 50.986315789473686, 13.772105263157895 50.986315789473686, 13.772105263157895 51.00157894736842, 13.747368421052633 51.00157894736842, 13.747368421052633 50.986315789473686))",195,815
196,196,"POLYGON ((13.747368421052633 51.00157894736842, 13.772105263157895 51.00157894736842, 13.772105263157895 51.01684210526316, 13.747368421052633 51.01684210526316, 13.747368421052633 51.00157894736842))",196,655
197,197,"POLYGON ((13.747368421052633 51.01684210526316, 13.772105263157895 51.01684210526316, 13.772105263157895 51.032105263157895, 13.747368421052633 51.032105263157895, 13.747368421052633 51.01684210526316))",197,680
198,198,"POLYGON ((13.747368421052633 51.032105263157895, 13.772105263157895 51.032105263157895, 13.772105263157895 51.04736842105263, 13.747368421052633 51.04736842105263, 13.747368421052633 51.032105263157895))",198,735
199,199,"POLYGON ((13.747368421052633 51.04736842105263, 13.772105263157895 51.04736842105263, 13.772105263157895 51.06263157894737, 13.747368421052633 51.06263157894737, 13.747368421052633 51.04736842105263))",199,635
200,200,"POLYGON ((13.747368421052633 51.06263157894737, 13.772105263157895 51.06263157894737, 13.772105263157895 51.077894736842104, 13.747368421052633 51.077894736842104, 13.747368421052633 51.06263157894737))",200,810
201,201,"POLYGON ((13.747368421052633 51.077894736842104, 13.772105263157895 51.077894736842104, 13.772105263157895 51.09315789473684, 13.747368421052633 51.09315789473684, 13.747368421052633 51.077894736842104))",201,460
202,202,"POLYGON ((13.747368421052633 51.09315789473684, 13.772105263157895 51.09315789473684, 13.772105263157895 51.10842105263158, 13.747368421052633 51.10842105263158, 13.747368421052633 51.09315789473684))",202,515
203,203,"POLYGON ((13.747368421052633 51.10842105263158, 13.772105263157895 51.10842105263158, 13.772105263157895 51.123684210526314, 13.747368421052633 51.123684210526314, 13.747368421052633 51.10842105263158))",203,620
204,204,"POLYGON ((13.747368421052633 51.123684210526314, 13.772105263157895 51.123684210526314, 13.772105263157895 51.13894736842106, 13.747368421052633 51.13894736842106, 13.747368421052633 51.123684210526314))",204,540
205,205,"POLYGON ((13.747368421052633 51.13894736842106, 13.772105263157895 51.13894736842106, 13.772105263157895 51.154210526315794, 13.747368421052633 51.154210526315794, 13.747368421052633 51.13894736842106))",205,540
206,206,"POLYGON ((13.747368421052633 51.154210526315794, 13.772105263157895 51.154210526315794, 13.772105263157895 51.16947368421053, 13.747368421052633 51.16947368421053, 13.747368421052633 51.154210526315794))",206,420
207,207,"POLYGON ((13.747368421052633 51.16947368421053, 13.772105263157895 51.16947368421053, 13.772105263157895 51.184736842105266, 13.747368421052633 51.184736842105266, 13.747368421052633 51.16947368421053))",207,720
208,208,"POLYGON ((13.747368421052633 51.184736842105266, 13.772105263157895 51.184736842105266, 13.772105263157895 51.2, 13.747368421052633 51.2, 13.747368421052633 51.184736842105266))",208,1120
209,209,"POLYGON ((13.772105263157895 50.91, 13.796842105263158 50.91, 13.796842105263158 50.92526315789473, 13.772105263157895 50.92526315789473, 13.772105263157895 50.91))",209,465
210,210,"POLYGON ((13.772105263157895 50.92526315789473, 13.796842105263158 50.92526315789473, 13.796842105263158 50.94052631578947, 13.772105263157895 50.94052631578947, 13.772105263157895 50.92526315789473))",210,810
211,211,"POLYGON ((13.772105263157895 50.94052631578947, 13.796842105263158 50.94052631578947, 13.796842105263158 50.955789473684206, 13.772105263157895 50.955789473684206, 13.772105263157895 50.94052631578947))",211,960
212,212,"POLYGON ((13.772105263157895 50.955789473684206, 13.796842105263158 50.955789473684206, 13.796842105263158 50.97105263157894, 13.772105263157895 50.97105263157894, 13.772105263157895 50.955789473684206))",212,960
213,213,"POLYGON ((13.772105263157895 50.97105263157894, 13.796842105263158 50.97105263157894, 13.796842105263158 50.986315789473686, 13.772105263157895 50.986315789473686, 13.772105263157895 50.97105263157894))",213,575
214,214,"POLYGON ((13.772105263157895 50.986315789473686, 13.796842105263158 50.986315789473686, 13.796842105263158 51.00157894736842, 13.772105263157895 51.00157894736842, 13.772105263157895 50.986315789473686))",214,680
215,215,"POLYGON ((13.772105263157895 51.00157894736842, 13.796842105263158 51.00157894736842, 13.796842105263158 51.01684210526316, 13.772105263157895 51.01684210526316, 13.772105263157895 51.00157894736842))",215,545
216,216,"POLYGON ((13.772105263157895 51.01684210526316, 13.796842105263158 51.01684210526316, 13.796842105263158 51.032105263157895, 13.772105263157895 51.032105263157895, 13.772105263157895 51.01684210526316))",216,1010
217,217,"POLYGON ((13.772105263157895 51.032105263157895, 13.796842105263158 51.032105263157895, 13.796842105263158 51.04736842105263, 13.772105263157895 51.04736842105263, 13.772105263157895 51.032105263157895))",217,855
218,218,"POLYGON ((13.772105263157895 51.04736842105263, 13.796842105263158 51.04736842105263, 13.796842105263158 51.06263157894737, 13.772105263157895 51.06263157894737, 13.772105263157895 51.04736842105263))",218,590
219,219,"POLYGON ((13.772105263157895 51.06263157894737, 13.796842105263158 51.06263157894737, 13.796842105263158 51.077894736842104, 13.772105263157895 51.077894736842104, 13.772105263157895 51.06263157894737))",219,285
220,220,"POLYGON ((13.772105263157895 51.077894736842104, 13.796842105263158 51.077894736842104, 13.796842105263158 51.09315789473684, 13.772105263157895 51.09315789473684, 13.772105263157895 51.077894736842104))",220,460
221,221,"POLYGON ((13.772105263157895 51.09315789473684, 13.796842105263158 51.09315789473684, 13.796842105263158 51.10842105263158, 13.772105263157895 51.10842105263158, 13.772105263157895 51.09315789473684))",221,725
222,222,"POLYGON ((13.772105263157895 51.10842105263158, 13.796842105263158 51.10842105263158, 13.796842105263158 51.123684210526314, 13.772105263157895 51.123684210526314, 13.772105263157895 51.10842105263158))",222,550
223,223,"POLYGON ((13.772105263157895 51.123684210526314, 13.796842105263158 51.123684210526314, 13.796842105263158 51.13894736842106, 13.772105263157895 51.13894736842106, 13.772105263157895 51.123684210526314))",223,840
224,224,"POLYGON ((13.772105263157895 51.13894736842106, 13.796842105263158 51.13894736842106, 13.796842105263158 51.154210526315794, 13.772105263157895 51.154210526315794, 13.772105263157895 51.13894736842106))",224,540
225,225,"POLYGON ((13.772105263157895 51.154210526315794, 13.796842105263158 51.154210526315794, 13.796842105263158 51.16947368421053, 13.772105263157895 51.16947368421053, 13.772105263157895 51.154210526315794))",225,470
226,226,"POLYGON ((13.772105263157895 51.16947368421053, 13.796842105263158 51.16947368421053, 13.796842105263158 51.184736842105266, 13.772105263157895 51.184736842105266, 13.772105263157895 51.16947368421053))",226,920
227,227,"POLYGON ((13.772105263157895 51.184736842105266, 13.796842105263158 51.184736842105266, 13.796842105263158 51.2, 13.772105263157895 51.2, 13.772105263157895 51.184736842105266))",227,800
228,228,"POLYGON ((13.796842105263158 50.91, 13.82157894736842 50.91, 13.82157894736842 50.92526315789473, 13.796842105263158 50.92526315789473, 13.796842105263158 50.91))",228,465
229,229,"POLYGON ((13.796842105263158 50.92526315789473, 13.82157894736842 50.92526315789473, 13.82157894736842 50.94052631578947, 13.796842105263158 50.94052631578947, 13.796842105263158 50.92526315789473))",229,495
230,230,"POLYGON ((13.796842105263158 50.94052631578947, 13.82157894736842 50.94052631578947, 13.82157894736842 50.955789473684206, 13.796842105263158 50.955789473684206, 13.796842105263158 50.94052631578947))",230,760
231,231,"POLYGON ((13.796842105263158 50.955789473684206, 13.82157894736842 50.955789473684206, 13.82157894736842 50.97105263157894, 13.796842105263158 50.97105263157894, 13.796842105263158 50.955789473684206))",231,880
232,232,"POLYGON ((13.796842105263158 50.97105263157894, 13.82157894736842 50.97105263157894, 13.82157894736842 50.986315789473686, 13.796842105263158 50.986315789473686, 13.796842105263158 50.97105263157894))",232,940
233,233,"POLYGON ((13.796842105263158 50.986315789473686, 13.82157894736842 50.986315789473686, 13.82157894736842 51.00157894736842, 13.796842105263158 51.00157894736842, 13.796842105263158 50.986315789473686))",233,625
234,234,"POLYGON ((13.796842105263158 51.00157894736842, 13.82157894736842 51.00157894736842, 13.82157894736842 51.01684210526316, 13.796842105263158 51.01684210526316, 13.796842105263158 51.00157894736842))",234,680
235,235,"POLYGON ((13.796842105263158 51.01684210526316, 13.82157894736842 51.01684210526316, 13.82157894736842 51.032105263157895, 13.796842105263158 51.032105263157895, 13.796842105263158 51.01684210526316))",235,690
236,236,"POLYGON ((13.796842105263158 51.032105263157895, 13.82157894736842 51.032105263157895, 13.82157894736842 51.04736842105263, 13.796842105263158 51.04736842105263, 13.796842105263158 51.032105263157895))",236,580
237,237,"POLYGON ((13.796842105263158 51.04736842105263, 13.82157894736842 51.04736842105263, 13.82157894736842 51.06263157894737, 13.796842105263158 51.06263157894737, 13.796842105263158 51.04736842105263))",237,580
238,238,"POLYGON ((13.796842105263158 51.06263157894737, 13.82157894736842 51.06263157894737, 13.82157894736842 51.077894736842104, 13.796842105263158 51.077894736842104, 13.796842105263158 51.06263157894737))",238,350
239,239,"POLYGON ((13.796842105263158 51.077894736842104, 13.82157894736842 51.077894736842104, 13.82157894736842 51.09315789473684, 13.796842105263158 51.09315789473684, 13.796842105263158 51.077894736842104))",239,360
240,240,"POLYGON ((13.796842105263158 51.09315789473684, 13.82157894736842 51.09315789473684, 13.82157894736842 51.10842105263158, 13.796842105263158 51.10842105263158, 13.796842105263158 51.09315789473684))",240,1120
241,241,"POLYGON ((13.796842105263158 51.10842105263158, 13.82157894736842 51.10842105263158, 13.82157894736842 51.123684210526314, 13.796842105263158 51.123684210526314, 13.796842105263158 51.10842105263158))",241,1080
242,242,"POLYGON ((13.796842105263158 51.123684210526314, 13.82157894736842 51.123684210526314, 13.82157894736842 51.13894736842106, 13.796842105263158 51.13894736842106, 13.796842105263158 51.123684210526314))",242,1080
243,243,"POLYGON ((13.796842105263158 51.13894736842106, 13.82157894736842 51.13894736842106, 13.82157894736842 51.154210526315794, 13.796842105263158 51.154210526315794, 13.796842105263158 51.13894736842106))",243,1000
244,244,"POLYGON ((13.796842105263158 51.154210526315794, 13.82157894736842 51.154210526315794, 13.82157894736842 51.16947368421053, 13.796842105263158 51.16947368421053, 13.796842105263158 51.154210526315794))",244,800
245,245,"POLYGON ((13.796842105263158 51.16947368421053, 13.82157894736842 51.16947368421053, 13.82157894736842 51.184736842105266, 13.796842105263158 51.184736842105266, 13.796842105263158 51.16947368421053))",245,800
246,246,"POLYGON ((13.796842105263158 51.184736842105266, 13.82157894736842 51.184736842105266, 13.82157894736842 51.2, 13.796842105263158 51.2, 13.796842105263158 51.184736842105266))",246,800
247,247,"POLYGON ((13.82157894736842 50.91, 13.846315789473685 50.91, 13.846315789473685 50.92526315789473, 13.82157894736842 50.92526315789473, 13.82157894736842 50.91))",247,730
248,248,"POLYGON ((13.82157894736842 50.92526315789473, 13.846315789473685 50.92526315789473, 13.846315789473685 50.94052631578947, 13.82157894736842 50.94052631578947, 13.82157894736842 50.92526315789473))",248,505
249,249,"POLYGON ((13.82157894736842 50.94052631578947, 13.846315789473685 50.94052631578947, 13.846315789473685 50.955789473684206, 13.82157894736842 50.955789473684206, 13.82157894736842 50.94052631578947))",249,495
250,250,"POLYGON ((13.82157894736842 50.955789473684206, 13.846315789473685 50.955789473684206, 13.846315789473685 50.97105263157894, 13.82157894736842 50.97105263157894, 13.82157894736842 50.955789473684206))",250,880
251,251,"POLYGON ((13.82157894736842 50.97105263157894, 13.846315789473685 50.97105263157894, 13.846315789473685 50.986315789473686, 13.82157894736842 50.986315789473686, 13.82157894736842 50.97105263157894))",251,830
252,252,"POLYGON ((13.82157894736842 50.986315789473686, 13.846315789473685 50.986315789473686, 13.846315789473685 51.00157894736842, 13.82157894736842 51.00157894736842, 13.82157894736842 50.986315789473686))",252,575
253,253,"POLYGON ((13.82157894736842 51.00157894736842, 13.846315789473685 51.00157894736842, 13.846315789473685 51.01684210526316, 13.82157894736842 51.01684210526316, 13.82157894736842 51.00157894736842))",253,970
254,254,"POLYGON ((13.82157894736842 51.01684210526316, 13.846315789473685 51.01684210526316, 13.846315789473685 51.032105263157895, 13.82157894736842 51.032105263157895, 13.82157894736842 51.01684210526316))",254,255
255,255,"POLYGON ((13.82157894736842 51.032105263157895, 13.846315789473685 51.032105263157895, 13.846315789473685 51.04736842105263, 13.82157894736842 51.04736842105263, 13.82157894736842 51.032105263157895))",255,275
256,256,"POLYGON ((13.82157894736842 51.04736842105263, 13.846315789473685 51.04736842105263, 13.846315789473685 51.06263157894737, 13.82157894736842 51.06263157894737, 13.82157894736842 51.04736842105263))",256,680
257,257,"POLYGON ((13.82157894736842 51.06263157894737, 13.846315789473685 51.06263157894737, 13.846315789473685 51.077894736842104, 13.82157894736842 51.077894736842104, 13.82157894736842 51.06263157894737))",257,360
258,258,"POLYGON ((13.82157894736842 51.077894736842104, 13.846315789473685 51.077894736842104, 13.846315789473685 51.09315789473684, 13.82157894736842 51.09315789473684, 13.82157894736842 51.077894736842104))",258,370
259,259,"POLYGON ((13.82157894736842 51.09315789473684, 13.846315789473685 51.09315789473684, 13.846315789473685 51.10842105263158, 13.82157894736842 51.10842105263158, 13.82157894736842 51.09315789473684))",259,475
260,260,"POLYGON ((13.82157894736842 51.10842105263158, 13.846315789473685 51.10842105263158, 13.846315789473685 51.123684210526314, 13.82157894736842 51.123684210526314, 13.82157894736842 51.10842105263158))",260,830
261,261,"POLYGON ((13.82157894736842 51.123684210526314, 13.846315789473685 51.123684210526314, 13.846315789473685 51.13894736842106, 13.82157894736842 51.13894736842106, 13.82157894736842 51.123684210526314))",261,830
262,262,"POLYGON ((13.82157894736842 51.13894736842106, 13.846315789473685 51.13894736842106, 13.846315789473685 51.154210526315794, 13.82157894736842 51.154210526315794, 13.82157894736842 51.13894736842106))",262,1040
263,263,"POLYGON ((13.82157894736842 51.154210526315794, 13.846315789473685 51.154210526315794, 13.846315789473685 51.16947368421053, 13.82157894736842 51.16947368421053, 13.82157894736842 51.154210526315794))",263,760
264,264,"POLYGON ((13.82157894736842 51.16947368421053, 13.846315789473685 51.16947368421053, 13.846315789473685 51.184736842105266, 13.82157894736842 51.184736842105266, 13.82157894736842 51.16947368421053))",264,800
265,265,"POLYGON ((13.82157894736842 51.184736842105266, 13.846315789473685 51.184736842105266, 13.846315789473685 51.2, 13.82157894736842 51.2, 13.82157894736842 51.184736842105266))",265,800
266,266,"POLYGON ((13.846315789473685 50.91, 13.871052631578948 50.91, 13.871052631578948 50.92526315789473, 13.846315789473685 50.92526315789473, 13.846315789473685 50.91))",266,505
267,267,"POLYGON ((13.846315789473685 50.92526315789473, 13.871052631578948 50.92526315789473, 13.871052631578948 50.94052631578947, 13.846315789473685 50.94052631578947, 13.846315789473685 50.92526315789473))",267,415
268,268,"POLYGON ((13.846315789473685 50.94052631578947, 13.871052631578948 50.94052631578947, 13.871052631578948 50.955789473684206, 13.846315789473685 50.955789473684206, 13.846315789473685 50.94052631578947))",268,565
269,269,"POLYGON ((13.846315789473685 50.955789473684206, 13.871052631578948 50.955789473684206, 13.871052631578948 50.97105263157894, 13.846315789473685 50.97105263157894, 13.846315789473685 50.955789473684206))",269,880
270,270,"POLYGON ((13.846315789473685 50.97105263157894, 13.871052631578948 50.97105263157894, 13.871052631578948 50.986315789473686, 13.846315789473685 50.986315789473686, 13.846315789473685 50.97105263157894))",270,890
271,271,"POLYGON ((13.846315789473685 50.986315789473686, 13.871052631578948 50.986315789473686, 13.871052631578948 51.00157894736842, 13.846315789473685 51.00157894736842, 13.846315789473685 50.986315789473686))",271,400
272,272,"POLYGON ((13.846315789473685 51.00157894736842, 13.871052631578948 51.00157894736842, 13.871052631578948 51.01684210526316, 13.846315789473685 51.01684210526316, 13.846315789473685 51.00157894736842))",272,300
273,273,"POLYGON ((13.846315789473685 51.01684210526316, 13.871052631578948 51.01684210526316, 13.871052631578948 51.032105263157895, 13.846315789473685 51.032105263157895, 13.846315789473685 51.01684210526316))",273,285
274,274,"POLYGON ((13.846315789473685 51.032105263157895, 13.871052631578948 51.032105263157895, 13.871052631578948 51.04736842105263, 13.846315789473685 51.04736842105263, 13.846315789473685 51.032105263157895))",274,500
275,275,"POLYGON ((13.846315789473685 51.04736842105263, 13.871052631578948 51.04736842105263, 13.871052631578948 51.06263157894737, 13.846315789473685 51.06263157894737, 13.846315789473685 51.04736842105263))",275,670
276,276,"POLYGON ((13.846315789473685 51.06263157894737, 13.871052631578948 51.06263157894737, 13.871052631578948 51.077894736842104, 13.846315789473685 51.077894736842104, 13.846315789473685 51.06263157894737))",276,360
277,277,"POLYGON ((13.846315789473685 51.077894736842104, 13.871052631578948 51.077894736842104, 13.871052631578948 51.09315789473684, 13.846315789473685 51.09315789473684, 13.846315789473685 51.077894736842104))",277,555
278,278,"POLYGON ((13.846315789473685 51.09315789473684, 13.871052631578948 51.09315789473684, 13.871052631578948 51.10842105263158, 13.846315789473685 51.10842105263158, 13.846315789473685 51.09315789473684))",278,555
279,279,"POLYGON ((13.846315789473685 51.10842105263158, 13.871052631578948 51.10842105263158, 13.871052631578948 51.123684210526314, 13.846315789473685 51.123684210526314, 13.846315789473685 51.10842105263158))",279,830
280,280,"POLYGON ((13.846315789473685 51.123684210526314, 13.871052631578948 51.123684210526314, 13.871052631578948 51.13894736842106, 13.846315789473685 51.13894736842106, 13.846315789473685 51.123684210526314))",280,830
281,281,"POLYGON ((13.846315789473685 51.13894736842106, 13.871052631578948 51.13894736842106, 13.871052631578948 51.154210526315794, 13.846315789473685 51.154210526315794, 13.846315789473685 51.13894736842106))",281,1040
282,282,"POLYGON ((13.846315789473685 51.154210526315794, 13.871052631578948 51.154210526315794, 13.871052631578948 51.16947368421053, 13.846315789473685 51.16947368421053, 13.846315789473685 51.154210526315794))",282,960
283,283,"POLYGON ((13.846315789473685 51.16947368421053, 13.871052631578948 51.16947368421053, 13.871052631578948 51.184736842105266, 13.846315789473685 51.184736842105266, 13.846315789473685 51.16947368421053))",283,760
284,284,"POLYGON ((13.846315789473685 51.184736842105266, 13.871052631578948 51.184736842105266, 13.871052631578948 51.2, 13.846315789473685 51.2, 13.846315789473685 51.184736842105266))",284,800
285,285,"POLYGON ((13.871052631578948 50.91, 13.89578947368421 50.91, 13.89578947368421 50.92526315789473, 13.871052631578948 50.92526315789473, 13.871052631578948 50.91))",285,365
286,286,"POLYGON ((13.871052631578948 50.92526315789473, 13.89578947368421 50.92526315789473, 13.89578947368421 50.94052631578947, 13.871052631578948 50.94052631578947, 13.871052631578948 50.92526315789473))",286,680
287,287,"POLYGON ((13.871052631578948 50.94052631578947, 13.89578947368421 50.94052631578947, 13.89578947368421 50.955789473684206, 13.871052631578948 50.955789473684206, 13.871052631578948 50.94052631578947))",287,685
288,288,"POLYGON ((13.871052631578948 50.955789473684206, 13.89578947368421 50.955789473684206, 13.89578947368421 50.97105263157894, 13.871052631578948 50.97105263157894, 13.871052631578948 50.955789473684206))",288,735
289,289,"POLYGON ((13.871052631578948 50.97105263157894, 13.89578947368421 50.97105263157894, 13.89578947368421 50.986315789473686, 13.871052631578948 50.986315789473686, 13.871052631578948 50.97105263157894))",289,705
290,290,"POLYGON ((13.871052631578948 50.986315789473686, 13.89578947368421 50.986315789473686, 13.89578947368421 51.00157894736842, 13.871052631578948 51.00157894736842, 13.871052631578948 50.986315789473686))",290,655
291,291,"POLYGON ((13.871052631578948 51.00157894736842, 13.89578947368421 51.00157894736842, 13.89578947368421 51.01684210526316, 13.871052631578948 51.01684210526316, 13.871052631578948 51.00157894736842))",291,315
292,292,"POLYGON ((13.871052631578948 51.01684210526316, 13.89578947368421 51.01684210526316, 13.89578947368421 51.032105263157895, 13.871052631578948 51.032105263157895, 13.871052631578948 51.01684210526316))",292,630
293,293,"POLYGON ((13.871052631578948 51.032105263157895, 13.89578947368421 51.032105263157895, 13.89578947368421 51.04736842105263, 13.871052631578948 51.04736842105263, 13.871052631578948 51.032105263157895))",293,820
294,294,"POLYGON ((13.871052631578948 51.04736842105263, 13.89578947368421 51.04736842105263, 13.89578947368421 51.06263157894737, 13.871052631578948 51.06263157894737, 13.871052631578948 51.04736842105263))",294,550
295,295,"POLYGON ((13.871052631578948 51.06263157894737, 13.89578947368421 51.06263157894737, 13.89578947368421 51.077894736842104, 13.871052631578948 51.077894736842104, 13.871052631578948 51.06263157894737))",295,440
296,296,"POLYGON ((13.871052631578948 51.077894736842104, 13.89578947368421 51.077894736842104, 13.89578947368421 51.09315789473684, 13.871052631578948 51.09315789473684, 13.871052631578948 51.077894736842104))",296,710
297,297,"POLYGON ((13.871052631578948 51.09315789473684, 13.89578947368421 51.09315789473684, 13.89578947368421 51.10842105263158, 13.871052631578948 51.10842105263158, 13.871052631578948 51.09315789473684))",297,730
298,298,"POLYGON ((13.871052631578948 51.10842105263158, 13.89578947368421 51.10842105263158, 13.89578947368421 51.123684210526314, 13.871052631578948 51.123684210526314, 13.871052631578948 51.10842105263158))",298,690
299,299,"POLYGON ((13.871052631578948 51.123684210526314, 13.89578947368421 51.123684210526314, 13.89578947368421 51.13894736842106, 13.871052631578948 51.13894736842106, 13.871052631578948 51.123684210526314))",299,1080
300,300,"POLYGON ((13.871052631578948 51.13894736842106, 13.89578947368421 51.13894736842106, 13.89578947368421 51.154210526315794, 13.871052631578948 51.154210526315794, 13.871052631578948 51.13894736842106))",300,1040
301,301,"POLYGON ((13.871052631578948 51.154210526315794, 13.89578947368421 51.154210526315794, 13.89578947368421 51.16947368421053, 13.871052631578948 51.16947368421053, 13.871052631578948 51.154210526315794))",301,960
302,302,"POLYGON ((13.871052631578948 51.16947368421053, 13.89578947368421 51.16947368421053, 13.89578947368421 51.184736842105266, 13.871052631578948 51.184736842105266, 13.871052631578948 51.16947368421053))",302,760
303,303,"POLYGON ((13.871052631578948 51.184736842105266, 13.89578947368421 51.184736842105266, 13.89578947368421 51.2, 13.871052631578948 51.2, 13.871052631578948 51.184736842105266))",303,1040
304,304,"POLYGON ((13.89578947368421 50.91, 13.920526315789473 50.91, 13.920526315789473 50.92526315789473, 13.89578947368421 50.92526315789473, 13.89578947368421 50.91))",304,425
305,305,"POLYGON ((13.89578947368421 50.92526315789473, 13.920526315789473 50.92526315789473, 13.920526315789473 50.94052631578947, 13.89578947368421 50.94052631578947, 13.89578947368421 50.92526315789473))",305,425
306,306,"POLYGON ((13.89578947368421 50.94052631578947, 13.920526315789473 50.94052631578947, 13.920526315789473 50.955789473684206, 13.89578947368421 50.955789473684206, 13.89578947368421 50.94052631578947))",306,495
307,307,"POLYGON ((13.89578947368421 50.955789473684206, 13.920526315789473 50.955789473684206, 13.920526315789473 50.97105263157894, 13.89578947368421 50.97105263157894, 13.89578947368421 50.955789473684206))",307,745
308,308,"POLYGON ((13.89578947368421 50.97105263157894, 13.920526315789473 50.97105263157894, 13.920526315789473 50.986315789473686, 13.89578947368421 50.986315789473686, 13.89578947368421 50.97105263157894))",308,880
309,309,"POLYGON ((13.89578947368421 50.986315789473686, 13.920526315789473 50.986315789473686, 13.920526315789473 51.00157894736842, 13.89578947368421 51.00157894736842, 13.89578947368421 50.986315789473686))",309,730
310,310,"POLYGON ((13.89578947368421 51.00157894736842, 13.920526315789473 51.00157894736842, 13.920526315789473 51.01684210526316, 13.89578947368421 51.01684210526316, 13.89578947368421 51.00157894736842))",310,590
311,311,"POLYGON ((13.89578947368421 51.01684210526316, 13.920526315789473 51.01684210526316, 13.920526315789473 51.032105263157895, 13.89578947368421 51.032105263157895, 13.89578947368421 51.01684210526316))",311,560
312,312,"POLYGON ((13.89578947368421 51.032105263157895, 13.920526315789473 51.032105263157895, 13.920526315789473 51.04736842105263, 13.89578947368421 51.04736842105263, 13.89578947368421 51.032105263157895))",312,610
313,313,"POLYGON ((13.89578947368421 51.04736842105263, 13.920526315789473 51.04736842105263, 13.920526315789473 51.06263157894737, 13.89578947368421 51.06263157894737, 13.89578947368421 51.04736842105263))",313,620
314,314,"POLYGON ((13.89578947368421 51.06263157894737, 13.920526315789473 51.06263157894737, 13.920526315789473 51.077894736842104, 13.89578947368421 51.077894736842104, 13.89578947368421 51.06263157894737))",314,820
315,315,"POLYGON ((13.89578947368421 51.077894736842104, 13.920526315789473 51.077894736842104, 13.920526315789473 51.09315789473684, 13.89578947368421 51.09315789473684, 13.89578947368421 51.077894736842104))",315,710
316,316,"POLYGON ((13.89578947368421 51.09315789473684, 13.920526315789473 51.09315789473684, 13.920526315789473 51.10842105263158, 13.89578947368421 51.10842105263158, 13.89578947368421 51.09315789473684))",316,720
317,317,"POLYGON ((13.89578947368421 51.10842105263158, 13.920526315789473 51.10842105263158, 13.920526315789473 51.123684210526314, 13.89578947368421 51.123684210526314, 13.89578947368421 51.10842105263158))",317,680
318,318,"POLYGON ((13.89578947368421 51.123684210526314, 13.920526315789473 51.123684210526314, 13.920526315789473 51.13894736842106, 13.89578947368421 51.13894736842106, 13.89578947368421 51.123684210526314))",318,980
319,319,"POLYGON ((13.89578947368421 51.13894736842106, 13.920526315789473 51.13894736842106, 13.920526315789473 51.154210526315794, 13.89578947368421 51.154210526315794, 13.89578947368421 51.13894736842106))",319,980
320,320,"POLYGON ((13.89578947368421 51.154210526315794, 13.920526315789473 51.154210526315794, 13.920526315789473 51.16947368421053, 13.89578947368421 51.16947368421053, 13.89578947368421 51.154210526315794))",320,700
321,321,"POLYGON ((13.89578947368421 51.16947368421053, 13.920526315789473 51.16947368421053, 13.920526315789473 51.184736842105266, 13.89578947368421 51.184736842105266, 13.89578947368421 51.16947368421053))",321,700
322,322,"POLYGON ((13.89578947368421 51.184736842105266, 13.920526315789473 51.184736842105266, 13.920526315789473 51.2, 13.89578947368421 51.2, 13.89578947368421 51.184736842105266))",322,1040
323,323,"POLYGON ((13.920526315789473 50.91, 13.945263157894738 50.91, 13.945263157894738 50.92526315789473, 13.920526315789473 50.92526315789473, 13.920526315789473 50.91))",323,940
324,324,"POLYGON ((13.920526315789473 50.92526315789473, 13.945263157894738 50.92526315789473, 13.945263157894738 50.94052631578947, 13.920526315789473 50.94052631578947, 13.920526315789473 50.92526315789473))",324,425
325,325,"POLYGON ((13.920526315789473 50.94052631578947, 13.945263157894738 50.94052631578947, 13.945263157894738 50.955789473684206, 13.920526315789473 50.955789473684206, 13.920526315789473 50.94052631578947))",325,385
326,326,"POLYGON ((13.920526315789473 50.955789473684206, 13.945263157894738 50.955789473684206, 13.945263157894738 50.97105263157894, 13.920526315789473 50.97105263157894, 13.920526315789473 50.955789473684206))",326,465
327,327,"POLYGON ((13.920526315789473 50.97105263157894, 13.945263157894738 50.97105263157894, 13.945263157894738 50.986315789473686, 13.920526315789473 50.986315789473686, 13.920526315789473 50.97105263157894))",327,390
328,328,"POLYGON ((13.920526315789473 50.986315789473686, 13.945263157894738 50.986315789473686, 13.945263157894738 51.00157894736842, 13.920526315789473 51.00157894736842, 13.920526315789473 50.986315789473686))",328,390
329,329,"POLYGON ((13.920526315789473 51.00157894736842, 13.945263157894738 51.00157894736842, 13.945263157894738 51.01684210526316, 13.920526315789473 51.01684210526316, 13.920526315789473 51.00157894736842))",329,440
330,330,"POLYGON ((13.920526315789473 51.01684210526316, 13.945263157894738 51.01684210526316, 13.945263157894738 51.032105263157895, 13.920526315789473 51.032105263157895, 13.920526315789473 51.01684210526316))",330,730
331,331,"POLYGON ((13.920526315789473 51.032105263157895, 13.945263157894738 51.032105263157895, 13.945263157894738 51.04736842105263, 13.920526315789473 51.04736842105263, 13.920526315789473 51.032105263157895))",331,490
332,332,"POLYGON ((13.920526315789473 51.04736842105263, 13.945263157894738 51.04736842105263, 13.945263157894738 51.06263157894737, 13.920526315789473 51.06263157894737, 13.920526315789473 51.04736842105263))",332,560
333,333,"POLYGON ((13.920526315789473 51.06263157894737, 13.945263157894738 51.06263157894737, 13.945263157894738 51.077894736842104, 13.920526315789473 51.077894736842104, 13.920526315789473 51.06263157894737))",333,760
334,334,"POLYGON ((13.920526315789473 51.077894736842104, 13.945263157894738 51.077894736842104, 13.945263157894738 51.09315789473684, 13.920526315789473 51.09315789473684, 13.920526315789473 51.077894736842104))",334,770
335,335,"POLYGON ((13.920526315789473 51.09315789473684, 13.945263157894738 51.09315789473684, 13.945263157894738 51.10842105263158, 13.920526315789473 51.10842105263158, 13.920526315789473 51.09315789473684))",335,1010
336,336,"POLYGON ((13.920526315789473 51.10842105263158, 13.945263157894738 51.10842105263158, 13.945263157894738 51.123684210526314, 13.920526315789473 51.123684210526314, 13.920526315789473 51.10842105263158))",336,1010
337,337,"POLYGON ((13.920526315789473 51.123684210526314, 13.945263157894738 51.123684210526314, 13.945263157894738 51.13894736842106, 13.920526315789473 51.13894736842106, 13.920526315789473 51.123684210526314))",337,970
338,338,"POLYGON ((13.920526315789473 51.13894736842106, 13.945263157894738 51.13894736842106, 13.945263157894738 51.154210526315794, 13.920526315789473 51.154210526315794, 13.920526315789473 51.13894736842106))",338,940
339,339,"POLYGON ((13.920526315789473 51.154210526315794, 13.945263157894738 51.154210526315794, 13.945263157894738 51.16947368421053, 13.920526315789473 51.16947368421053, 13.920526315789473 51.154210526315794))",339,780
340,340,"POLYGON ((13.920526315789473 51.16947368421053, 13.945263157894738 51.16947368421053, 13.945263157894738 51.184736842105266, 13.920526315789473 51.184736842105266, 13.920526315789473 51.16947368421053))",340,1040
341,341,"POLYGON ((13.920526315789473 51.184736842105266, 13.945263157894738 51.184736842105266, 13.945263157894738 51.2, 13.920526315789473 51.2, 13.920526315789473 51.184736842105266))",341,1040
342,342,"POLYGON ((13.945263157894738 50.91, 13.97 50.91, 13.97 50.92526315789473, 13.945263157894738 50.92526315789473, 13.945263157894738 50.91))",342,750
343,343,"POLYGON ((13.945263157894738 50.92526315789473, 13.97 50.92526315789473, 13.97 50.94052631578947, 13.945263157894738 50.94052631578947, 13.945263157894738 50.92526315789473))",343,830
344,344,"POLYGON ((13.945263157894738 50.94052631578947, 13.97 50.94052631578947, 13.97 50.955789473684206, 13.945263157894738 50.955789473684206, 13.945263157894738 50.94052631578947))",344,750
345,345,"POLYGON ((13.945263157894738 50.955789473684206, 13.97 50.955789473684206, 13.97 50.97105263157894, 13.945263157894738 50.97105263157894, 13.945263157894738 50.955789473684206))",345,750
346,346,"POLYGON ((13.945263157894738 50.97105263157894, 13.97 50.97105263157894, 13.97 50.986315789473686, 13.945263157894738 50.986315789473686, 13.945263157894738 50.97105263157894))",346,1040
347,347,"POLYGON ((13.945263157894738 50.986315789473686, 13.97 50.986315789473686, 13.97 51.00157894736842, 13.945263157894738 51.00157894736842, 13.945263157894738 50.986315789473686))",347,490
348,348,"POLYGON ((13.945263157894738 51.00157894736842, 13.97 51.00157894736842, 13.97 51.01684210526316, 13.945263157894738 51.01684210526316, 13.945263157894738 51.00157894736842))",348,400
349,349,"POLYGON ((13.945263157894738 51.01684210526316, 13.97 51.01684210526316, 13.97 51.032105263157895, 13.945263157894738 51.032105263157895, 13.945263157894738 51.01684210526316))",349,690
350,350,"POLYGON ((13.945263157894738 51.032105263157895, 13.97 51.032105263157895, 13.97 51.04736842105263, 13.945263157894738 51.04736842105263, 13.945263157894738 51.032105263157895))",350,490
351,351,"POLYGON ((13.945263157894738 51.04736842105263, 13.97 51.04736842105263, 13.97 51.06263157894737, 13.945263157894738 51.06263157894737, 13.945263157894738 51.04736842105263))",351,770
352,352,"POLYGON ((13.945263157894738 51.06263157894737, 13.97 51.06263157894737, 13.97 51.077894736842104, 13.945263157894738 51.077894736842104, 13.945263157894738 51.06263157894737))",352,770
353,353,"POLYGON ((13.945263157894738 51.077894736842104, 13.97 51.077894736842104, 13.97 51.09315789473684, 13.945263157894738 51.09315789473684, 13.945263157894738 51.077894736842104))",353,880
354,354,"POLYGON ((13.945263157894738 51.09315789473684, 13.97 51.09315789473684, 13.97 51.10842105263158, 13.945263157894738 51.10842105263158, 13.945263157894738 51.09315789473684))",354,810
355,355,"POLYGON ((13.945263157894738 51.10842105263158, 13.97 51.10842105263158, 13.97 51.123684210526314, 13.945263157894738 51.123684210526314, 13.945263157894738 51.10842105263158))",355,1010
356,356,"POLYGON ((13.945263157894738 51.123684210526314, 13.97 51.123684210526314, 13.97 51.13894736842106, 13.945263157894738 51.13894736842106, 13.945263157894738 51.123684210526314))",356,730
357,357,"POLYGON ((13.945263157894738 51.13894736842106, 13.97 51.13894736842106, 13.97 51.154210526315794, 13.945263157894738 51.154210526315794, 13.945263157894738 51.13894736842106))",357,730
358,358,"POLYGON ((13.945263157894738 51.154210526315794, 13.97 51.154210526315794, 13.97 51.16947368421053, 13.945263157894738 51.16947368421053, 13.945263157894738 51.154210526315794))",358,740
359,359,"POLYGON ((13.945263157894738 51.16947368421053, 13.97 51.16947368421053, 13.97 51.184736842105266, 13.945263157894738 51.184736842105266, 13.945263157894738 51.16947368421053))",359,1120
360,360,"POLYGON ((13.945263157894738 51.184736842105266, 13.97 51.184736842105266, 13.97 51.2, 13.945263157894738 51.2, 13.945263157894738 51.184736842105266))",360,1120
